VGS,ID,GM
0.00000000e+00,5.07949238e-12,7.99360578e-11
1.00000000e-03,5.16209298e-12,8.52651283e-11
2.00000000e-03,5.25002264e-12,8.74855743e-11
3.00000000e-03,5.33706412e-12,8.92619312e-11
4.00000000e-03,5.42854650e-12,9.19264664e-11
5.00000000e-03,5.52091706e-12,9.32587341e-11
6.00000000e-03,5.61506397e-12,9.54791801e-11
7.00000000e-03,5.71187542e-12,9.81437154e-11
8.00000000e-03,5.81135140e-12,1.01252340e-10
9.00000000e-03,5.91438010e-12,1.04360964e-10
1.00000000e-02,6.02007333e-12,1.06581410e-10
1.10000000e-02,6.12754292e-12,1.09245946e-10
1.20000000e-02,6.23856522e-12,1.11910481e-10
1.30000000e-02,6.35136388e-12,1.14130927e-10
1.40000000e-02,6.46682707e-12,1.17683641e-10
1.50000000e-02,6.58673116e-12,1.20792265e-10
1.60000000e-02,6.70841160e-12,1.23456800e-10
1.70000000e-02,6.83364476e-12,1.26565425e-10
1.80000000e-02,6.96154245e-12,1.30118138e-10
1.90000000e-02,7.09388104e-12,1.33226763e-10
2.00000000e-02,7.22799598e-12,1.36779477e-10
2.10000000e-02,7.36743999e-12,1.40776280e-10
2.20000000e-02,7.50954854e-12,1.43884904e-10
2.30000000e-02,7.65520980e-12,1.47437618e-10
2.40000000e-02,7.80442377e-12,1.50546242e-10
2.50000000e-02,7.95630228e-12,1.54987134e-10
2.60000000e-02,8.11439804e-12,1.59872116e-10
2.70000000e-02,8.27604651e-12,1.62536651e-10
2.80000000e-02,8.43947134e-12,1.66977543e-10
2.90000000e-02,8.61000160e-12,1.72306613e-10
3.00000000e-02,8.78408457e-12,1.75859327e-10
3.10000000e-02,8.96172025e-12,1.80744308e-10
3.20000000e-02,9.14557319e-12,1.84741111e-10
3.30000000e-02,9.33120248e-12,1.89182003e-10
3.40000000e-02,9.52393719e-12,1.94955163e-10
3.50000000e-02,9.72111280e-12,2.00284234e-10
3.60000000e-02,9.92450566e-12,2.04281037e-10
3.70000000e-02,1.01296749e-11,2.09166018e-10
3.80000000e-02,1.03428377e-11,2.15383267e-10
3.90000000e-02,1.05604414e-11,2.20712337e-10
4.00000000e-02,1.07842624e-11,2.26041408e-10
4.10000000e-02,1.10125242e-11,2.31814568e-10
4.20000000e-02,1.12478915e-11,2.38031816e-10
4.30000000e-02,1.14885879e-11,2.44249065e-10
4.40000000e-02,1.17363896e-11,2.50466314e-10
4.50000000e-02,1.19895205e-11,2.56683563e-10
4.60000000e-02,1.22497568e-11,2.63788991e-10
4.70000000e-02,1.25170985e-11,2.70450329e-10
4.80000000e-02,1.27906574e-11,2.76223489e-10
4.90000000e-02,1.30695454e-11,2.83328916e-10
5.00000000e-02,1.33573153e-11,2.90878432e-10
5.10000000e-02,1.36513023e-11,2.98872038e-10
5.20000000e-02,1.39550593e-11,3.06421555e-10
5.30000000e-02,1.42641454e-11,3.13526982e-10
5.40000000e-02,1.45821133e-11,3.21520588e-10
5.50000000e-02,1.49071866e-11,3.30402372e-10
5.60000000e-02,1.52429180e-11,3.39284156e-10
5.70000000e-02,1.55857549e-11,3.46833673e-10
5.80000000e-02,1.59365854e-11,3.55715457e-10
5.90000000e-02,1.62971858e-11,3.65041330e-10
6.00000000e-02,1.66666680e-11,3.74367204e-10
6.10000000e-02,1.70459202e-11,3.84137167e-10
6.20000000e-02,1.74349424e-11,3.93018951e-10
6.30000000e-02,1.78319581e-11,4.03233003e-10
6.40000000e-02,1.82414084e-11,4.14335233e-10
6.50000000e-02,1.86606286e-11,4.24993374e-10
6.60000000e-02,1.90913951e-11,4.36539693e-10
6.70000000e-02,1.95337080e-11,4.46753745e-10
6.80000000e-02,1.99849026e-11,4.57411886e-10
6.90000000e-02,2.04485318e-11,4.68514116e-10
7.00000000e-02,2.09219309e-11,4.80948614e-10
7.10000000e-02,2.14104290e-11,4.93827201e-10
7.20000000e-02,2.19095853e-11,5.06261699e-10
7.30000000e-02,2.24229524e-11,5.20028465e-10
7.40000000e-02,2.29496422e-11,5.33351141e-10
7.50000000e-02,2.34896547e-11,5.46229728e-10
7.60000000e-02,2.40421016e-11,5.59552404e-10
7.70000000e-02,2.46087595e-11,5.74207348e-10
7.80000000e-02,2.51905163e-11,5.88862292e-10
7.90000000e-02,2.57864841e-11,6.03961325e-10
8.00000000e-02,2.63984390e-11,6.19504448e-10
8.10000000e-02,2.70254930e-11,6.35047570e-10
8.20000000e-02,2.76685341e-11,6.50590692e-10
8.30000000e-02,2.83266743e-11,6.67910172e-10
8.40000000e-02,2.90043545e-11,6.85229651e-10
8.50000000e-02,2.96971336e-11,7.02105041e-10
8.60000000e-02,3.04085646e-11,7.20756788e-10
8.70000000e-02,3.11386472e-11,7.38076267e-10
8.80000000e-02,3.18847171e-11,7.56728014e-10
8.90000000e-02,3.26521032e-11,7.77156117e-10
9.00000000e-02,3.34390293e-11,7.96696042e-10
9.10000000e-02,3.42454953e-11,8.16235968e-10
9.20000000e-02,3.50715013e-11,8.37552250e-10
9.30000000e-02,3.59205998e-11,8.59312621e-10
9.40000000e-02,3.67901265e-11,8.81072992e-10
9.50000000e-02,3.76827458e-11,9.03277453e-10
9.60000000e-02,3.85966814e-11,9.25926003e-10
9.70000000e-02,3.95345978e-11,9.49906820e-10
9.80000000e-02,4.04964950e-11,9.73887637e-10
9.90000000e-02,4.14823731e-11,9.98312544e-10
1.00000000e-01,4.24931201e-11,1.02362563e-09
1.01000000e-01,4.35296243e-11,1.04982689e-09
1.02000000e-01,4.45927739e-11,1.07780451e-09
1.03000000e-01,4.56852334e-11,1.10444986e-09
1.04000000e-01,4.68016736e-11,1.13242749e-09
1.05000000e-01,4.79500883e-11,1.16173737e-09
1.06000000e-01,4.91251484e-11,1.19060317e-09
1.07000000e-01,5.03312947e-11,1.22168942e-09
1.08000000e-01,5.15685272e-11,1.25188748e-09
1.09000000e-01,5.28350697e-11,1.28386191e-09
1.10000000e-01,5.41362510e-11,1.31716860e-09
1.11000000e-01,5.54694068e-11,1.35047529e-09
1.12000000e-01,5.68372016e-11,1.38378198e-09
1.13000000e-01,5.82369708e-11,1.41930911e-09
1.14000000e-01,5.96758198e-11,1.45661261e-09
1.15000000e-01,6.11501960e-11,1.49302792e-09
1.16000000e-01,6.26618757e-11,1.53121960e-09
1.17000000e-01,6.42126352e-11,1.57029945e-09
1.18000000e-01,6.58024746e-11,1.60937930e-09
1.19000000e-01,6.74313938e-11,1.65156777e-09
1.20000000e-01,6.91056101e-11,1.69375625e-09
1.21000000e-01,7.08189063e-11,1.73550063e-09
1.22000000e-01,7.25766114e-11,1.78035364e-09
1.23000000e-01,7.43796136e-11,1.82520665e-09
1.24000000e-01,7.62270247e-11,1.87183602e-09
1.25000000e-01,7.81232856e-11,1.92024174e-09
1.26000000e-01,8.00675082e-11,1.96864747e-09
1.27000000e-01,8.20605806e-11,2.01794137e-09
1.28000000e-01,8.41033909e-11,2.06901163e-09
1.29000000e-01,8.61986038e-11,2.12319051e-09
1.30000000e-01,8.83497719e-11,2.17736940e-09
1.31000000e-01,9.05533426e-11,2.23066010e-09
1.32000000e-01,9.28110921e-11,2.28794761e-09
1.33000000e-01,9.51292378e-11,2.34745556e-09
1.34000000e-01,9.75060033e-11,2.40607534e-09
1.35000000e-01,9.99413885e-11,2.46691556e-09
1.36000000e-01,1.02439834e-10,2.53086441e-09
1.37000000e-01,1.05003117e-10,2.59525734e-09
1.38000000e-01,1.07630349e-10,2.65965028e-09
1.39000000e-01,1.10322418e-10,2.72759593e-09
1.40000000e-01,1.13085541e-10,2.79776202e-09
1.41000000e-01,1.15917942e-10,2.86792812e-09
1.42000000e-01,1.18821397e-10,2.94164693e-09
1.43000000e-01,1.21801236e-10,3.01669800e-09
1.44000000e-01,1.24854793e-10,3.09263726e-09
1.45000000e-01,1.27986510e-10,3.17212923e-09
1.46000000e-01,1.31199052e-10,3.25250937e-09
1.47000000e-01,1.34491529e-10,3.33422179e-09
1.48000000e-01,1.37867495e-10,3.41904283e-09
1.49000000e-01,1.41329615e-10,3.50608431e-09
1.50000000e-01,1.44879664e-10,3.59579033e-09
1.51000000e-01,1.48521195e-10,3.68638453e-09
1.52000000e-01,1.52252433e-10,3.77964327e-09
1.53000000e-01,1.56080482e-10,3.87689880e-09
1.54000000e-01,1.60006230e-10,3.97459843e-09
1.55000000e-01,1.64029679e-10,4.07496259e-09
1.56000000e-01,1.68156156e-10,4.17932355e-09
1.57000000e-01,1.72388326e-10,4.28546088e-09
1.58000000e-01,1.76727077e-10,4.39293046e-09
1.59000000e-01,1.81174187e-10,4.50528503e-09
1.60000000e-01,1.85737647e-10,4.62030414e-09
1.61000000e-01,1.90414795e-10,4.73754369e-09
1.62000000e-01,1.95212735e-10,4.85878004e-09
1.63000000e-01,2.00132355e-10,4.98001640e-09
1.64000000e-01,2.05172768e-10,5.10569365e-09
1.65000000e-01,2.10343742e-10,5.23669996e-09
1.66000000e-01,2.15646168e-10,5.36992673e-09
1.67000000e-01,2.21083596e-10,5.50581802e-09
1.68000000e-01,2.26657804e-10,5.64481795e-09
1.69000000e-01,2.32373232e-10,5.78825876e-09
1.70000000e-01,2.38234321e-10,5.93525229e-09
1.71000000e-01,2.44243736e-10,6.08579853e-09
1.72000000e-01,2.50405918e-10,6.24078567e-09
1.73000000e-01,2.56725308e-10,6.39932551e-09
1.74000000e-01,2.63204569e-10,6.56008581e-09
1.75000000e-01,2.69845479e-10,6.72661926e-09
1.76000000e-01,2.76657808e-10,6.89759361e-09
1.77000000e-01,2.83640667e-10,7.07167658e-09
1.78000000e-01,2.90801161e-10,7.25197680e-09
1.79000000e-01,2.98144620e-10,7.43627382e-09
1.80000000e-01,3.05673709e-10,7.62367947e-09
1.81000000e-01,3.13391979e-10,7.81597009e-09
1.82000000e-01,3.21305649e-10,8.01447797e-09
1.83000000e-01,3.29420935e-10,8.21787083e-09
1.84000000e-01,3.37741390e-10,8.42703685e-09
1.85000000e-01,3.46275009e-10,8.64064376e-09
1.86000000e-01,3.55022678e-10,8.85780338e-09
1.87000000e-01,3.63990615e-10,9.08206843e-09
1.88000000e-01,3.73186815e-10,9.31343891e-09
1.89000000e-01,3.82617493e-10,9.54925028e-09
1.90000000e-01,3.92285315e-10,9.78994663e-09
1.91000000e-01,4.02197387e-10,1.00377484e-08
1.92000000e-01,4.12360812e-10,1.02926556e-08
1.93000000e-01,4.22782698e-10,1.05537801e-08
1.94000000e-01,4.33468372e-10,1.08193454e-08
1.95000000e-01,4.44421389e-10,1.10929044e-08
1.96000000e-01,4.55654181e-10,1.13744569e-08
1.97000000e-01,4.67170302e-10,1.16617827e-08
1.98000000e-01,4.78977746e-10,1.19571020e-08
1.99000000e-01,4.91084506e-10,1.22595267e-08
2.00000000e-01,5.03496800e-10,1.25699451e-08
2.01000000e-01,5.16224397e-10,1.28874689e-08
2.02000000e-01,5.29271738e-10,1.32120981e-08
2.03000000e-01,5.42648593e-10,1.35469413e-08
2.04000000e-01,5.56365620e-10,1.38902223e-08
2.05000000e-01,5.70429037e-10,1.42406087e-08
2.06000000e-01,5.84846838e-10,1.46003210e-08
2.07000000e-01,5.99629679e-10,1.49698032e-08
2.08000000e-01,6.14786444e-10,1.53468349e-08
2.09000000e-01,6.30323349e-10,1.57345248e-08
2.10000000e-01,6.46255494e-10,1.61328728e-08
2.11000000e-01,6.62589095e-10,1.65396585e-08
2.12000000e-01,6.79334811e-10,1.69579906e-08
2.13000000e-01,6.96505076e-10,1.73856485e-08
2.14000000e-01,7.14106108e-10,1.78244086e-08
2.15000000e-01,7.32153893e-10,1.82747151e-08
2.16000000e-01,7.50655538e-10,1.87356797e-08
2.17000000e-01,7.69625252e-10,1.92081906e-08
2.18000000e-01,7.89071919e-10,1.96922478e-08
2.19000000e-01,8.09009748e-10,2.01896277e-08
2.20000000e-01,8.29451174e-10,2.06989981e-08
2.21000000e-01,8.50407744e-10,2.12203588e-08
2.22000000e-01,8.71891892e-10,2.17559304e-08
2.23000000e-01,8.93919605e-10,2.23043806e-08
2.24000000e-01,9.16500653e-10,2.28665975e-08
2.25000000e-01,9.39652800e-10,2.34425812e-08
2.26000000e-01,9.63385816e-10,2.40332199e-08
2.27000000e-01,9.87719240e-10,2.46398457e-08
2.28000000e-01,1.01266551e-09,2.52593502e-08
2.29000000e-01,1.03823794e-09,2.58952859e-08
2.30000000e-01,1.06445608e-09,2.65476530e-08
2.31000000e-01,1.09133325e-09,2.72160072e-08
2.32000000e-01,1.11888809e-09,2.79012369e-08
2.33000000e-01,1.14713572e-09,2.86028978e-08
2.34000000e-01,1.17609389e-09,2.93223223e-08
2.35000000e-01,1.20578036e-09,3.00612868e-08
2.36000000e-01,1.23621646e-09,3.08171266e-08
2.37000000e-01,1.26741462e-09,3.15916182e-08
2.38000000e-01,1.29939970e-09,3.23869820e-08
2.39000000e-01,1.33218858e-09,3.32005534e-08
2.40000000e-01,1.36580081e-09,3.40345530e-08
2.41000000e-01,1.40025769e-09,3.48903129e-08
2.42000000e-01,1.43558143e-09,3.57678331e-08
2.43000000e-01,1.47179335e-09,3.66653374e-08
2.44000000e-01,1.50891211e-09,3.75854903e-08
2.45000000e-01,1.54696433e-09,3.85300680e-08
2.46000000e-01,1.58597224e-09,3.94977384e-08
2.47000000e-01,1.62595981e-09,4.04889455e-08
2.48000000e-01,1.66695013e-09,4.15054657e-08
2.49000000e-01,1.70897074e-09,4.25459667e-08
2.50000000e-01,1.75204207e-09,4.36126690e-08
2.51000000e-01,1.79619608e-09,4.47077930e-08
2.52000000e-01,1.84145765e-09,4.58282301e-08
2.53000000e-01,1.88785254e-09,4.69766448e-08
2.54000000e-01,1.93541094e-09,4.81543694e-08
2.55000000e-01,1.98416128e-09,4.93614039e-08
2.56000000e-01,2.03413375e-09,5.05973041e-08
2.57000000e-01,2.08535589e-09,5.18642906e-08
2.58000000e-01,2.13786233e-09,5.31632516e-08
2.59000000e-01,2.19168239e-09,5.44937429e-08
2.60000000e-01,2.24684982e-09,5.58579849e-08
2.61000000e-01,2.30339836e-09,5.72555336e-08
2.62000000e-01,2.36136088e-09,5.86877213e-08
2.63000000e-01,2.42077380e-09,6.01558803e-08
2.64000000e-01,2.48167265e-09,6.16591223e-08
2.65000000e-01,2.54409205e-09,6.32005559e-08
2.66000000e-01,2.60807376e-09,6.47806253e-08
2.67000000e-01,2.67365330e-09,6.63993305e-08
2.68000000e-01,2.74087242e-09,6.80575596e-08
2.69000000e-01,2.80976842e-09,6.97557567e-08
2.70000000e-01,2.88038393e-09,7.14974746e-08
2.71000000e-01,2.95276337e-09,7.32822691e-08
2.72000000e-01,3.02694847e-09,7.51101403e-08
2.73000000e-01,3.10298365e-09,7.69837527e-08
2.74000000e-01,3.18091598e-09,7.89035504e-08
2.75000000e-01,3.26079075e-09,8.08708656e-08
2.76000000e-01,3.34265771e-09,8.28865865e-08
2.77000000e-01,3.42656392e-09,8.49507131e-08
2.78000000e-01,3.51255913e-09,8.70663541e-08
2.79000000e-01,3.60069663e-09,8.92343976e-08
2.80000000e-01,3.69102793e-09,9.14557319e-08
2.81000000e-01,3.78360809e-09,9.37316891e-08
2.82000000e-01,3.87849131e-09,9.60640456e-08
2.83000000e-01,3.97573618e-09,9.84523574e-08
2.84000000e-01,4.07539602e-09,1.00899733e-07
2.85000000e-01,4.17753565e-09,1.03408393e-07
2.86000000e-01,4.28221281e-09,1.05976561e-07
2.87000000e-01,4.38948877e-09,1.08609122e-07
2.88000000e-01,4.49943105e-09,1.11305631e-07
2.89000000e-01,4.61210004e-09,1.14068310e-07
2.90000000e-01,4.72756767e-09,1.16898935e-07
2.91000000e-01,4.84589791e-09,1.19798393e-07
2.92000000e-01,4.96716446e-09,1.22768462e-07
2.93000000e-01,5.09143483e-09,1.25811361e-07
2.94000000e-01,5.21878718e-09,1.28929756e-07
2.95000000e-01,5.34929434e-09,1.32122313e-07
2.96000000e-01,5.48303181e-09,1.35393474e-07
2.97000000e-01,5.62008129e-09,1.38745460e-07
2.98000000e-01,5.76052273e-09,1.42178269e-07
2.99000000e-01,5.90443783e-09,1.45695012e-07
3.00000000e-01,6.05191275e-09,1.49297019e-07
3.01000000e-01,6.20303187e-09,1.52985624e-07
3.02000000e-01,6.35788400e-09,1.56765712e-07
3.03000000e-01,6.51656329e-09,1.60638614e-07
3.04000000e-01,6.67916122e-09,1.64602110e-07
3.05000000e-01,6.84576751e-09,1.68663750e-07
3.06000000e-01,7.01648872e-09,1.72825310e-07
3.07000000e-01,7.19141813e-09,1.77085457e-07
3.08000000e-01,7.37065964e-09,1.81449966e-07
3.09000000e-01,7.55431806e-09,1.85920168e-07
3.10000000e-01,7.74249997e-09,1.90497840e-07
3.11000000e-01,7.93531374e-09,1.95187422e-07
3.12000000e-01,8.13287482e-09,1.99990691e-07
3.13000000e-01,8.33529512e-09,2.04908979e-07
3.14000000e-01,8.54269278e-09,2.09945394e-07
3.15000000e-01,8.75518591e-09,2.15103935e-07
3.16000000e-01,8.97290064e-09,2.20387708e-07
3.17000000e-01,9.19596133e-09,2.25799379e-07
3.18000000e-01,9.42449940e-09,2.31339392e-07
3.19000000e-01,9.65864011e-09,2.37013076e-07
3.20000000e-01,9.89852555e-09,2.42824427e-07
3.21000000e-01,1.01442890e-08,2.48773890e-07
3.22000000e-01,1.03960733e-08,2.54867683e-07
3.23000000e-01,1.06540243e-08,2.61107580e-07
3.24000000e-01,1.09182885e-08,2.67496247e-07
3.25000000e-01,1.11890168e-08,2.74039014e-07
3.26000000e-01,1.14663665e-08,2.80738988e-07
3.27000000e-01,1.17504948e-08,2.87597501e-07
3.28000000e-01,1.20415615e-08,2.94620328e-07
3.29000000e-01,1.23397355e-08,3.01811021e-07
3.30000000e-01,1.26451836e-08,3.09174464e-07
3.31000000e-01,1.29580844e-08,3.16714655e-07
3.32000000e-01,1.32786129e-08,3.24432037e-07
3.33000000e-01,1.36069485e-08,3.32334604e-07
3.34000000e-01,1.39432821e-08,3.40425466e-07
3.35000000e-01,1.42877994e-08,3.48707729e-07
3.36000000e-01,1.46406975e-08,3.57187613e-07
3.37000000e-01,1.50021746e-08,3.65869113e-07
3.38000000e-01,1.53724358e-08,3.74756670e-07
3.39000000e-01,1.57516880e-08,3.83854726e-07
3.40000000e-01,1.61401452e-08,3.93168609e-07
3.41000000e-01,1.65380252e-08,4.02702316e-07
3.42000000e-01,1.69455499e-08,4.12462509e-07
3.43000000e-01,1.73629502e-08,4.22453628e-07
3.44000000e-01,1.77904571e-08,4.32680114e-07
3.45000000e-01,1.82283104e-08,4.43147297e-07
3.46000000e-01,1.86767517e-08,4.53861393e-07
3.47000000e-01,1.91360332e-08,4.64829508e-07
3.48000000e-01,1.96064107e-08,4.76054307e-07
3.49000000e-01,2.00881418e-08,4.87542895e-07
3.50000000e-01,2.05814965e-08,4.99301933e-07
3.51000000e-01,2.10867457e-08,5.11336751e-07
3.52000000e-01,2.16041700e-08,5.23654453e-07
3.53000000e-01,2.21340546e-08,5.36259481e-07
3.54000000e-01,2.26766890e-08,5.49161161e-07
3.55000000e-01,2.32323769e-08,5.62363489e-07
3.56000000e-01,2.38014159e-08,5.75874459e-07
3.57000000e-01,2.43841258e-08,5.89702065e-07
3.58000000e-01,2.49808201e-08,6.03850303e-07
3.59000000e-01,2.55918264e-08,6.18329388e-07
3.60000000e-01,2.62174789e-08,6.33144204e-07
3.61000000e-01,2.68581148e-08,6.48304521e-07
3.62000000e-01,2.75140879e-08,6.63817001e-07
3.63000000e-01,2.81857488e-08,6.79689194e-07
3.64000000e-01,2.88734663e-08,6.95930868e-07
3.65000000e-01,2.95776106e-08,7.12546466e-07
3.66000000e-01,3.02985592e-08,7.29546645e-07
3.67000000e-01,3.10367039e-08,7.46941176e-07
3.68000000e-01,3.17924416e-08,7.64737162e-07
3.69000000e-01,3.25661782e-08,7.82943488e-07
3.70000000e-01,3.33583285e-08,8.01569033e-07
3.71000000e-01,3.41693163e-08,8.20623569e-07
3.72000000e-01,3.49995757e-08,8.40116421e-07
3.73000000e-01,3.58495491e-08,8.60056026e-07
3.74000000e-01,3.67196877e-08,8.80453932e-07
3.75000000e-01,3.76104570e-08,9.01320352e-07
3.76000000e-01,3.85223284e-08,9.22662835e-07
3.77000000e-01,3.94557826e-08,9.44493816e-07
3.78000000e-01,4.04113161e-08,9.66823954e-07
3.79000000e-01,4.13894305e-08,9.89663906e-07
3.80000000e-01,4.23906439e-08,1.01302433e-06
3.81000000e-01,4.34154792e-08,1.03691589e-06
3.82000000e-01,4.44644757e-08,1.06135145e-06
3.83000000e-01,4.55381821e-08,1.08634213e-06
3.84000000e-01,4.66371599e-08,1.11190079e-06
3.85000000e-01,4.77619837e-08,1.13803722e-06
3.86000000e-01,4.89132344e-08,1.16476606e-06
3.87000000e-01,5.00915158e-08,1.19210020e-06
3.88000000e-01,5.12974347e-08,1.22004984e-06
3.89000000e-01,5.25316155e-08,1.24863053e-06
3.90000000e-01,5.37946958e-08,1.27785604e-06
3.91000000e-01,5.50873276e-08,1.30774014e-06
3.92000000e-01,5.64101761e-08,1.33829392e-06
3.93000000e-01,5.77639154e-08,1.36953293e-06
3.94000000e-01,5.91492419e-08,1.40147538e-06
3.95000000e-01,6.05668662e-08,1.43413281e-06
3.96000000e-01,6.20175076e-08,1.46751944e-06
3.97000000e-01,6.35019051e-08,1.50165258e-06
3.98000000e-01,6.50208127e-08,1.53654689e-06
3.99000000e-01,6.65749988e-08,1.57221924e-06
4.00000000e-01,6.81652512e-08,1.60868607e-06
4.01000000e-01,6.97923710e-08,1.64596248e-06
4.02000000e-01,7.14571762e-08,1.68406711e-06
4.03000000e-01,7.31605052e-08,1.72301728e-06
4.04000000e-01,7.49032107e-08,1.76282899e-06
4.05000000e-01,7.66861632e-08,1.80352133e-06
4.06000000e-01,7.85102534e-08,1.84511428e-06
4.07000000e-01,8.03763918e-08,1.88762339e-06
4.08000000e-01,8.22855002e-08,1.93106819e-06
4.09000000e-01,8.42385282e-08,1.97546957e-06
4.10000000e-01,8.62364393e-08,2.02084660e-06
4.11000000e-01,8.82802214e-08,2.06721973e-06
4.12000000e-01,9.03708788e-08,2.11460982e-06
4.13000000e-01,9.25094410e-08,2.16303642e-06
4.14000000e-01,9.46969516e-08,2.21252217e-06
4.15000000e-01,9.69344853e-08,2.26308750e-06
4.16000000e-01,9.92231266e-08,2.31475328e-06
4.17000000e-01,1.01563992e-07,2.36754616e-06
4.18000000e-01,1.03958219e-07,2.42148657e-06
4.19000000e-01,1.06406965e-07,2.47659804e-06
4.20000000e-01,1.08911415e-07,2.53290411e-06
4.21000000e-01,1.11472773e-07,2.59042876e-06
4.22000000e-01,1.14092273e-07,2.64919819e-06
4.23000000e-01,1.16771170e-07,2.70923595e-06
4.24000000e-01,1.19510744e-07,2.77056866e-06
4.25000000e-01,1.22312307e-07,2.83322166e-06
4.26000000e-01,1.25177188e-07,2.89722202e-06
4.27000000e-01,1.28106751e-07,2.96259683e-06
4.28000000e-01,1.31102381e-07,3.02937320e-06
4.29000000e-01,1.34165497e-07,3.09758086e-06
4.30000000e-01,1.37297543e-07,3.16724513e-06
4.31000000e-01,1.40499988e-07,3.23839666e-06
4.32000000e-01,1.43774336e-07,3.31106831e-06
4.33000000e-01,1.47122124e-07,3.38528583e-06
4.34000000e-01,1.50544908e-07,3.46107942e-06
4.35000000e-01,1.54044283e-07,3.53848373e-06
4.36000000e-01,1.57621876e-07,3.61752939e-06
4.37000000e-01,1.61279342e-07,3.69824971e-06
4.38000000e-01,1.65018375e-07,3.78067710e-06
4.39000000e-01,1.68840696e-07,3.86484222e-06
4.40000000e-01,1.72748059e-07,3.95078104e-06
4.41000000e-01,1.76742258e-07,4.03853084e-06
4.42000000e-01,1.80825121e-07,4.12812495e-06
4.43000000e-01,1.84998508e-07,4.21959978e-06
4.44000000e-01,1.89264321e-07,4.31299174e-06
4.45000000e-01,1.93624492e-07,4.40833814e-06
4.46000000e-01,1.98080997e-07,4.50567761e-06
4.47000000e-01,2.02635847e-07,4.60504790e-06
4.48000000e-01,2.07291093e-07,4.70648898e-06
4.49000000e-01,2.12048825e-07,4.81004125e-06
4.50000000e-01,2.16911175e-07,4.91574426e-06
4.51000000e-01,2.21880313e-07,5.02364061e-06
4.52000000e-01,2.26958456e-07,5.13377163e-06
4.53000000e-01,2.32147856e-07,5.24618038e-06
4.54000000e-01,2.37450817e-07,5.36091171e-06
4.55000000e-01,2.42869680e-07,5.47800960e-06
4.56000000e-01,2.48406836e-07,5.59751800e-06
4.57000000e-01,2.54064716e-07,5.71948444e-06
4.58000000e-01,2.59845805e-07,5.84395421e-06
4.59000000e-01,2.65752624e-07,5.97097483e-06
4.60000000e-01,2.71787755e-07,6.10059603e-06
4.61000000e-01,2.77953816e-07,6.23286445e-06
4.62000000e-01,2.84253484e-07,6.36783559e-06
4.63000000e-01,2.90689488e-07,6.50555565e-06
4.64000000e-01,2.97264595e-07,6.64607569e-06
4.65000000e-01,3.03981639e-07,6.78945122e-06
4.66000000e-01,3.10843498e-07,6.93573421e-06
4.67000000e-01,3.17853107e-07,7.08498016e-06
4.68000000e-01,3.25013458e-07,7.23724281e-06
4.69000000e-01,3.32327593e-07,7.39257722e-06
4.70000000e-01,3.39798612e-07,7.55104423e-06
4.71000000e-01,3.47429681e-07,7.71269981e-06
4.72000000e-01,3.55224012e-07,7.87760213e-06
4.73000000e-01,3.63184886e-07,8.04581290e-06
4.74000000e-01,3.71315638e-07,8.21739166e-06
4.75000000e-01,3.79619669e-07,8.39240055e-06
4.76000000e-01,3.88100439e-07,8.57090221e-06
4.77000000e-01,3.96761473e-07,8.75296013e-06
4.78000000e-01,4.05606359e-07,8.93863961e-06
4.79000000e-01,4.14638753e-07,9.12800813e-06
4.80000000e-01,4.23862375e-07,9.32113053e-06
4.81000000e-01,4.33281014e-07,9.51807566e-06
4.82000000e-01,4.42898527e-07,9.71891101e-06
4.83000000e-01,4.52718836e-07,9.92370719e-06
4.84000000e-01,4.62745941e-07,1.01325384e-05
4.85000000e-01,4.72983912e-07,1.03454725e-05
4.86000000e-01,4.83436886e-07,1.05625833e-05
4.87000000e-01,4.94109079e-07,1.07839475e-05
4.88000000e-01,5.05004781e-07,1.10096385e-05
4.89000000e-01,5.16128356e-07,1.12397340e-05
4.90000000e-01,5.27484249e-07,1.14743104e-05
4.91000000e-01,5.39076977e-07,1.17134467e-05
4.92000000e-01,5.50911142e-07,1.19572232e-05
4.93000000e-01,5.62991423e-07,1.22057204e-05
4.94000000e-01,5.75322583e-07,1.24590223e-05
4.95000000e-01,5.87909468e-07,1.27172077e-05
4.96000000e-01,6.00756999e-07,1.29803643e-05
4.97000000e-01,6.13870196e-07,1.32485787e-05
4.98000000e-01,6.27254156e-07,1.35219329e-05
4.99000000e-01,6.40914062e-07,1.38005172e-05
5.00000000e-01,6.54855191e-07,1.40844203e-05
5.01000000e-01,6.69082903e-07,1.43737329e-05
5.02000000e-01,6.83602656e-07,1.46685455e-05
5.03000000e-01,6.98419994e-07,1.49689492e-05
5.04000000e-01,7.13540555e-07,1.52750372e-05
5.05000000e-01,7.28970068e-07,1.55869060e-05
5.06000000e-01,7.44714367e-07,1.59046496e-05
5.07000000e-01,7.60779368e-07,1.62283640e-05
5.08000000e-01,7.77171095e-07,1.65581491e-05
5.09000000e-01,7.93895666e-07,1.68940999e-05
5.10000000e-01,8.10959294e-07,1.72363204e-05
5.11000000e-01,8.28368306e-07,1.75849091e-05
5.12000000e-01,8.46129113e-07,1.79399668e-05
5.13000000e-01,8.64248240e-07,1.83015998e-05
5.14000000e-01,8.82732312e-07,1.86699096e-05
5.15000000e-01,9.01588059e-07,1.90450029e-05
5.16000000e-01,9.20822318e-07,1.94269822e-05
5.17000000e-01,9.40442024e-07,1.98159564e-05
5.18000000e-01,9.60454231e-07,2.02120356e-05
5.19000000e-01,9.80866095e-07,2.06153241e-05
5.20000000e-01,1.00168488e-06,2.10259334e-05
5.21000000e-01,1.02291796e-06,2.14439759e-05
5.22000000e-01,1.04457283e-06,2.18695604e-05
5.23000000e-01,1.06665708e-06,2.23027996e-05
5.24000000e-01,1.08917843e-06,2.27438055e-05
5.25000000e-01,1.11214469e-06,2.31926922e-05
5.26000000e-01,1.13556381e-06,2.36495747e-05
5.27000000e-01,1.15944384e-06,2.41145672e-05
5.28000000e-01,1.18379295e-06,2.45877860e-05
5.29000000e-01,1.20861942e-06,2.50693453e-05
5.30000000e-01,1.23393164e-06,2.55593635e-05
5.31000000e-01,1.25973814e-06,2.60579567e-05
5.32000000e-01,1.28604755e-06,2.65652411e-05
5.33000000e-01,1.31286862e-06,2.70813385e-05
5.34000000e-01,1.34021023e-06,2.76063647e-05
5.35000000e-01,1.36808135e-06,2.81404380e-05
5.36000000e-01,1.39649111e-06,2.86836777e-05
5.37000000e-01,1.42544871e-06,2.92362023e-05
5.38000000e-01,1.45496351e-06,2.97981329e-05
5.39000000e-01,1.48504497e-06,3.03695855e-05
5.40000000e-01,1.51570268e-06,3.09506816e-05
5.41000000e-01,1.54694634e-06,3.15415414e-05
5.42000000e-01,1.57878576e-06,3.21422804e-05
5.43000000e-01,1.61123090e-06,3.27530194e-05
5.44000000e-01,1.64429180e-06,3.33738779e-05
5.45000000e-01,1.67797865e-06,3.40049731e-05
5.46000000e-01,1.71230175e-06,3.46464208e-05
5.47000000e-01,1.74727150e-06,3.52983403e-05
5.48000000e-01,1.78289843e-06,3.59608507e-05
5.49000000e-01,1.81919320e-06,3.66340651e-05
5.50000000e-01,1.85616656e-06,3.73180993e-05
5.51000000e-01,1.89382940e-06,3.80130696e-05
5.52000000e-01,1.93219270e-06,3.87190862e-05
5.53000000e-01,1.97126757e-06,3.94362636e-05
5.54000000e-01,2.01106523e-06,4.01647169e-05
5.55000000e-01,2.05159700e-06,4.09045535e-05
5.56000000e-01,2.09287433e-06,4.16558827e-05
5.57000000e-01,2.13490877e-06,4.24188129e-05
5.58000000e-01,2.17771196e-06,4.31934506e-05
5.59000000e-01,2.22129567e-06,4.39799019e-05
5.60000000e-01,2.26567176e-06,4.47782700e-05
5.61000000e-01,2.31085221e-06,4.55886560e-05
5.62000000e-01,2.35684908e-06,4.64111607e-05
5.63000000e-01,2.40367453e-06,4.72458832e-05
5.64000000e-01,2.45134084e-06,4.80929185e-05
5.65000000e-01,2.49986037e-06,4.89523591e-05
5.66000000e-01,2.54924556e-06,4.98243007e-05
5.67000000e-01,2.59950897e-06,5.07088318e-05
5.68000000e-01,2.65066322e-06,5.16060386e-05
5.69000000e-01,2.70272105e-06,5.25160089e-05
5.70000000e-01,2.75569524e-06,5.34388200e-05
5.71000000e-01,2.80959869e-06,5.43745546e-05
5.72000000e-01,2.86444435e-06,5.53232917e-05
5.73000000e-01,2.92024527e-06,5.62851028e-05
5.74000000e-01,2.97701456e-06,5.72600594e-05
5.75000000e-01,3.03476539e-06,5.82482294e-05
5.76000000e-01,3.09351101e-06,5.92496785e-05
5.77000000e-01,3.15326475e-06,6.02644672e-05
5.78000000e-01,3.21403995e-06,6.12926563e-05
5.79000000e-01,3.27585006e-06,6.23342995e-05
5.80000000e-01,3.33870855e-06,6.33894479e-05
5.81000000e-01,3.40262895e-06,6.44581482e-05
5.82000000e-01,3.46762484e-06,6.55404460e-05
5.83000000e-01,3.53370985e-06,6.66363835e-05
5.84000000e-01,3.60089761e-06,6.77459933e-05
5.85000000e-01,3.66920183e-06,6.88693111e-05
5.86000000e-01,3.73863623e-06,7.00063638e-05
5.87000000e-01,3.80921456e-06,7.11571753e-05
5.88000000e-01,3.88095058e-06,7.23217681e-05
5.89000000e-01,3.95385810e-06,7.35001571e-05
5.90000000e-01,4.02795090e-06,7.46923536e-05
5.91000000e-01,4.10324280e-06,7.58983645e-05
5.92000000e-01,4.17974763e-06,7.71181923e-05
5.93000000e-01,4.25747919e-06,7.83518375e-05
5.94000000e-01,4.33645130e-06,7.95992907e-05
5.95000000e-01,4.41667777e-06,8.08605436e-05
5.96000000e-01,4.49817239e-06,8.21355801e-05
5.97000000e-01,4.58094893e-06,8.34243772e-05
5.98000000e-01,4.66502114e-06,8.47269122e-05
5.99000000e-01,4.75040275e-06,8.60431544e-05
6.00000000e-01,4.83710745e-06,8.73730683e-05
6.01000000e-01,4.92514889e-06,8.87166132e-05
6.02000000e-01,5.01454068e-06,9.00737462e-05
6.03000000e-01,5.10529638e-06,9.14444187e-05
6.04000000e-01,5.19742952e-06,9.28285715e-05
6.05000000e-01,5.29095353e-06,9.42261460e-05
6.06000000e-01,5.38588181e-06,9.56370809e-05
6.07000000e-01,5.48222769e-06,9.70613026e-05
6.08000000e-01,5.58000441e-06,9.84987372e-05
6.09000000e-01,5.67922516e-06,9.99493039e-05
6.10000000e-01,5.77990302e-06,1.01412917e-04
6.11000000e-01,5.88205100e-06,1.02889490e-04
6.12000000e-01,5.98568200e-06,1.04378924e-04
6.13000000e-01,6.09080884e-06,1.05881119e-04
6.14000000e-01,6.19744424e-06,1.07395972e-04
6.15000000e-01,6.30560079e-06,1.08923369e-04
6.16000000e-01,6.41529098e-06,1.10463199e-04
6.17000000e-01,6.52652718e-06,1.12015340e-04
6.18000000e-01,6.63932166e-06,1.13579663e-04
6.19000000e-01,6.75368651e-06,1.15156045e-04
6.20000000e-01,6.86963375e-06,1.16744346e-04
6.21000000e-01,6.98717520e-06,1.18344428e-04
6.22000000e-01,7.10632260e-06,1.19956149e-04
6.23000000e-01,7.22708750e-06,1.21579356e-04
6.24000000e-01,7.34948131e-06,1.23213896e-04
6.25000000e-01,7.47351529e-06,1.24859614e-04
6.26000000e-01,7.59920054e-06,1.26516345e-04
6.27000000e-01,7.72654798e-06,1.28183924e-04
6.28000000e-01,7.85556839e-06,1.29862179e-04
6.29000000e-01,7.98627234e-06,1.31550933e-04
6.30000000e-01,8.11867026e-06,1.33250007e-04
6.31000000e-01,8.25277236e-06,1.34959217e-04
6.32000000e-01,8.38858869e-06,1.36678377e-04
6.33000000e-01,8.52612911e-06,1.38407295e-04
6.34000000e-01,8.66540328e-06,1.40145775e-04
6.35000000e-01,8.80642066e-06,1.41893619e-04
6.36000000e-01,8.94919052e-06,1.43650622e-04
6.37000000e-01,9.09372190e-06,1.45416581e-04
6.38000000e-01,9.24002368e-06,1.47191283e-04
6.39000000e-01,9.38810447e-06,1.48974519e-04
6.40000000e-01,9.53797272e-06,1.50766073e-04
6.41000000e-01,9.68963662e-06,1.52565724e-04
6.42000000e-01,9.84310416e-06,1.54373252e-04
6.43000000e-01,9.99838312e-06,1.56188432e-04
6.44000000e-01,1.01554810e-05,1.58011037e-04
6.45000000e-01,1.03144052e-05,1.59840837e-04
6.46000000e-01,1.04751627e-05,1.61677601e-04
6.47000000e-01,1.06377604e-05,1.63521094e-04
6.48000000e-01,1.08022049e-05,1.65371080e-04
6.49000000e-01,1.09685026e-05,1.67227322e-04
6.50000000e-01,1.11366595e-05,1.69089578e-04
6.51000000e-01,1.13066817e-05,1.70957605e-04
6.52000000e-01,1.14785747e-05,1.72831164e-04
6.53000000e-01,1.16523440e-05,1.74710006e-04
6.54000000e-01,1.18279948e-05,1.76593884e-04
6.55000000e-01,1.20055318e-05,1.78482554e-04
6.56000000e-01,1.21849599e-05,1.80375766e-04
6.57000000e-01,1.23662833e-05,1.82273270e-04
6.58000000e-01,1.25495064e-05,1.84174818e-04
6.59000000e-01,1.27346330e-05,1.86080154e-04
6.60000000e-01,1.29216667e-05,1.87989032e-04
6.61000000e-01,1.31106110e-05,1.89901199e-04
6.62000000e-01,1.33014691e-05,1.91816401e-04
6.63000000e-01,1.34942438e-05,1.93734387e-04
6.64000000e-01,1.36889379e-05,1.95654906e-04
6.65000000e-01,1.38855537e-05,1.97577706e-04
6.66000000e-01,1.40840933e-05,1.99502532e-04
6.67000000e-01,1.42845587e-05,2.01429137e-04
6.68000000e-01,1.44869516e-05,2.03357271e-04
6.69000000e-01,1.46912733e-05,2.05286679e-04
6.70000000e-01,1.48975249e-05,2.07217115e-04
6.71000000e-01,1.51057075e-05,2.09148332e-04
6.72000000e-01,1.53158216e-05,2.11080081e-04
6.73000000e-01,1.55278677e-05,2.13012115e-04
6.74000000e-01,1.57418458e-05,2.14944192e-04
6.75000000e-01,1.59577560e-05,2.16876068e-04
6.76000000e-01,1.61755980e-05,2.18807499e-04
6.77000000e-01,1.63953710e-05,2.20738245e-04
6.78000000e-01,1.66170744e-05,2.22668070e-04
6.79000000e-01,1.68407072e-05,2.24596737e-04
6.80000000e-01,1.70662679e-05,2.26524008e-04
6.81000000e-01,1.72937552e-05,2.28449653e-04
6.82000000e-01,1.75231672e-05,2.30373441e-04
6.83000000e-01,1.77545021e-05,2.32295143e-04
6.84000000e-01,1.79877575e-05,2.34214532e-04
6.85000000e-01,1.82229311e-05,2.36131387e-04
6.86000000e-01,1.84600203e-05,2.38045486e-04
6.87000000e-01,1.86990221e-05,2.39956607e-04
6.88000000e-01,1.89399335e-05,2.41864540e-04
6.89000000e-01,1.91827512e-05,2.43769067e-04
6.90000000e-01,1.94274716e-05,2.45669979e-04
6.91000000e-01,1.96740911e-05,2.47567068e-04
6.92000000e-01,1.99226058e-05,2.49460129e-04
6.93000000e-01,2.01730114e-05,2.51348961e-04
6.94000000e-01,2.04253037e-05,2.53233366e-04
6.95000000e-01,2.06794781e-05,2.55113148e-04
6.96000000e-01,2.09355300e-05,2.56988115e-04
6.97000000e-01,2.11934544e-05,2.58858077e-04
6.98000000e-01,2.14532461e-05,2.60722847e-04
6.99000000e-01,2.17149001e-05,2.62582248e-04
7.00000000e-01,2.19784106e-05,2.64436094e-04
7.01000000e-01,2.22437722e-05,2.66284212e-04
7.02000000e-01,2.25109791e-05,2.68126433e-04
7.03000000e-01,2.27800251e-05,2.69962583e-04
7.04000000e-01,2.30509042e-05,2.71792501e-04
7.05000000e-01,2.33236101e-05,2.73616021e-04
7.06000000e-01,2.35981363e-05,2.75432988e-04
7.07000000e-01,2.38744761e-05,2.77243247e-04
7.08000000e-01,2.41526228e-05,2.79046647e-04
7.09000000e-01,2.44325694e-05,2.80843039e-04
7.10000000e-01,2.47143088e-05,2.82632282e-04
7.11000000e-01,2.49978339e-05,2.84414233e-04
7.12000000e-01,2.52831373e-05,2.86188757e-04
7.13000000e-01,2.55702115e-05,2.87955721e-04
7.14000000e-01,2.58590488e-05,2.89714998e-04
7.15000000e-01,2.61496415e-05,2.91466460e-04
7.16000000e-01,2.64419817e-05,2.93209985e-04
7.17000000e-01,2.67360614e-05,2.94945457e-04
7.18000000e-01,2.70318726e-05,2.96672760e-04
7.19000000e-01,2.73294069e-05,2.98391783e-04
7.20000000e-01,2.76286562e-05,3.00102421e-04
7.21000000e-01,2.79296118e-05,3.01804569e-04
7.22000000e-01,2.82322653e-05,3.03498125e-04
7.23000000e-01,2.85366080e-05,3.05182996e-04
7.24000000e-01,2.88426313e-05,3.06859089e-04
7.25000000e-01,2.91503262e-05,3.08526312e-04
7.26000000e-01,2.94596839e-05,3.10184582e-04
7.27000000e-01,2.97706954e-05,3.11833818e-04
7.28000000e-01,3.00833515e-05,3.13473938e-04
7.29000000e-01,3.03976433e-05,3.15104867e-04
7.30000000e-01,3.07135613e-05,3.16726537e-04
7.31000000e-01,3.10310963e-05,3.18338875e-04
7.32000000e-01,3.13502390e-05,3.19941818e-04
7.33000000e-01,3.16709800e-05,3.21535309e-04
7.34000000e-01,3.19933096e-05,3.23119280e-04
7.35000000e-01,3.23172185e-05,3.24693681e-04
7.36000000e-01,3.26426970e-05,3.26258462e-04
7.37000000e-01,3.29697355e-05,3.27813573e-04
7.38000000e-01,3.32983242e-05,3.29358966e-04
7.39000000e-01,3.36284534e-05,3.30894602e-04
7.40000000e-01,3.39601134e-05,3.32420440e-04
7.41000000e-01,3.42932943e-05,3.33936442e-04
7.42000000e-01,3.46279862e-05,3.35442578e-04
7.43000000e-01,3.49641794e-05,3.36938815e-04
7.44000000e-01,3.53018639e-05,3.38425126e-04
7.45000000e-01,3.56410297e-05,3.39901486e-04
7.46000000e-01,3.59816668e-05,3.41367874e-04
7.47000000e-01,3.63237654e-05,3.42824273e-04
7.48000000e-01,3.66673154e-05,3.44270661e-04
7.49000000e-01,3.70123067e-05,3.45707027e-04
7.50000000e-01,3.73587294e-05,3.47133362e-04
7.51000000e-01,3.77065735e-05,3.48549655e-04
7.52000000e-01,3.80558288e-05,3.49955900e-04
7.53000000e-01,3.84064853e-05,3.51352093e-04
7.54000000e-01,3.87585329e-05,3.52738235e-04
7.55000000e-01,3.91119617e-05,3.54114326e-04
7.56000000e-01,3.94667616e-05,3.55480366e-04
7.57000000e-01,3.98229225e-05,3.56836366e-04
7.58000000e-01,4.01804343e-05,3.58182332e-04
7.59000000e-01,4.05392871e-05,3.59518272e-04
7.60000000e-01,4.08994709e-05,3.60844203e-04
7.61000000e-01,4.12609755e-05,3.62160133e-04
7.62000000e-01,4.16237911e-05,3.63466084e-04
7.63000000e-01,4.19879077e-05,3.64762073e-04
7.64000000e-01,4.23533153e-05,3.66048116e-04
7.65000000e-01,4.27200039e-05,3.67324240e-04
7.66000000e-01,4.30879638e-05,3.68590467e-04
7.67000000e-01,4.34571849e-05,3.69846825e-04
7.68000000e-01,4.38276574e-05,3.71093337e-04
7.69000000e-01,4.41993716e-05,3.72330034e-04
7.70000000e-01,4.45723175e-05,3.73556948e-04
7.71000000e-01,4.49464854e-05,3.74774110e-04
7.72000000e-01,4.53218657e-05,3.75981556e-04
7.73000000e-01,4.56984486e-05,3.77179318e-04
7.74000000e-01,4.60762243e-05,3.78367434e-04
7.75000000e-01,4.64551834e-05,3.79545943e-04
7.76000000e-01,4.68353162e-05,3.80714885e-04
7.77000000e-01,4.72166132e-05,3.81874301e-04
7.78000000e-01,4.75990648e-05,3.83024229e-04
7.79000000e-01,4.79826617e-05,3.84164716e-04
7.80000000e-01,4.83673943e-05,3.85295809e-04
7.81000000e-01,4.87532533e-05,3.86417548e-04
7.82000000e-01,4.91402294e-05,3.87529982e-04
7.83000000e-01,4.95283132e-05,3.88633160e-04
7.84000000e-01,4.99174957e-05,3.89727129e-04
7.85000000e-01,5.03077675e-05,3.90811941e-04
7.86000000e-01,5.06991196e-05,3.91887644e-04
7.87000000e-01,5.10915428e-05,3.92954292e-04
7.88000000e-01,5.14850281e-05,3.94011936e-04
7.89000000e-01,5.18795667e-05,3.95060630e-04
7.90000000e-01,5.22751494e-05,3.96100427e-04
7.91000000e-01,5.26717675e-05,3.97131384e-04
7.92000000e-01,5.30694122e-05,3.98153554e-04
7.93000000e-01,5.34680746e-05,3.99166991e-04
7.94000000e-01,5.38677462e-05,4.00171760e-04
7.95000000e-01,5.42684181e-05,4.01167911e-04
7.96000000e-01,5.46700820e-05,4.02155504e-04
7.97000000e-01,5.50727291e-05,4.03134598e-04
7.98000000e-01,5.54763512e-05,4.04105251e-04
7.99000000e-01,5.58809396e-05,4.05067525e-04
8.00000000e-01,5.62864862e-05,4.06021477e-04
8.01000000e-01,5.66929826e-05,4.06967168e-04
8.02000000e-01,5.71004206e-05,4.07904659e-04
8.03000000e-01,5.75087919e-05,4.08834012e-04
8.04000000e-01,5.79180886e-05,4.09755287e-04
8.05000000e-01,5.83283025e-05,4.10668546e-04
8.06000000e-01,5.87394257e-05,4.11573852e-04
8.07000000e-01,5.91514502e-05,4.12471266e-04
8.08000000e-01,5.95643682e-05,4.13360849e-04
8.09000000e-01,5.99781719e-05,4.14242665e-04
8.10000000e-01,6.03928535e-05,4.15116779e-04
8.11000000e-01,6.08084055e-05,4.15983251e-04
8.12000000e-01,6.12248200e-05,4.16842143e-04
8.13000000e-01,6.16420897e-05,4.17693522e-04
8.14000000e-01,6.20602071e-05,4.18537450e-04
8.15000000e-01,6.24791646e-05,4.19373984e-04
8.16000000e-01,6.28989551e-05,4.20203195e-04
8.17000000e-01,6.33195710e-05,4.21025145e-04
8.18000000e-01,6.37410053e-05,4.21839895e-04
8.19000000e-01,6.41632508e-05,4.22647504e-04
8.20000000e-01,6.45863003e-05,4.23448031e-04
8.21000000e-01,6.50101469e-05,4.24241546e-04
8.22000000e-01,6.54347834e-05,4.25028113e-04
8.23000000e-01,6.58602031e-05,4.25807796e-04
8.24000000e-01,6.62863990e-05,4.26580660e-04
8.25000000e-01,6.67133644e-05,4.27346762e-04
8.26000000e-01,6.71410926e-05,4.28106170e-04
8.27000000e-01,6.75695768e-05,4.28858945e-04
8.28000000e-01,6.79988104e-05,4.29605147e-04
8.29000000e-01,6.84287871e-05,4.30344840e-04
8.30000000e-01,6.88595001e-05,4.31078085e-04
8.31000000e-01,6.92909432e-05,4.31804943e-04
8.32000000e-01,6.97231100e-05,4.32525478e-04
8.33000000e-01,7.01559942e-05,4.33239747e-04
8.34000000e-01,7.05895895e-05,4.33947814e-04
8.35000000e-01,7.10238898e-05,4.34649738e-04
8.36000000e-01,7.14588890e-05,4.35345580e-04
8.37000000e-01,7.18945810e-05,4.36035398e-04
8.38000000e-01,7.23309598e-05,4.36719255e-04
8.39000000e-01,7.27680195e-05,4.37397208e-04
8.40000000e-01,7.32057542e-05,4.38069316e-04
8.41000000e-01,7.36441581e-05,4.38735638e-04
8.42000000e-01,7.40832255e-05,4.39396232e-04
8.43000000e-01,7.45229506e-05,4.40051160e-04
8.44000000e-01,7.49633278e-05,4.40700474e-04
8.45000000e-01,7.54043515e-05,4.41344232e-04
8.46000000e-01,7.58460163e-05,4.41982495e-04
8.47000000e-01,7.62883165e-05,4.42615317e-04
8.48000000e-01,7.67312469e-05,4.43242755e-04
8.49000000e-01,7.71748020e-05,4.43864863e-04
8.50000000e-01,7.76189766e-05,4.44481695e-04
8.51000000e-01,7.80637654e-05,4.45093312e-04
8.52000000e-01,7.85091632e-05,4.45699766e-04
8.53000000e-01,7.89551649e-05,4.46301108e-04
8.54000000e-01,7.94017655e-05,4.46897394e-04
8.55000000e-01,7.98489597e-05,4.47488680e-04
8.56000000e-01,8.02967428e-05,4.48075015e-04
8.57000000e-01,8.07451098e-05,4.48656453e-04
8.58000000e-01,8.11940557e-05,4.49233048e-04
8.59000000e-01,8.16435759e-05,4.49804849e-04
8.60000000e-01,8.20936654e-05,4.50371907e-04
8.61000000e-01,8.25443197e-05,4.50934276e-04
8.62000000e-01,8.29955340e-05,4.51492003e-04
8.63000000e-01,8.34473037e-05,4.52045142e-04
8.64000000e-01,8.38996243e-05,4.52593738e-04
8.65000000e-01,8.43524912e-05,4.53137842e-04
8.66000000e-01,8.48058999e-05,4.53677504e-04
8.67000000e-01,8.52598462e-05,4.54212770e-04
8.68000000e-01,8.57143255e-05,4.54743689e-04
8.69000000e-01,8.61693336e-05,4.55270310e-04
8.70000000e-01,8.66248661e-05,4.55792675e-04
8.71000000e-01,8.70809189e-05,4.56310834e-04
8.72000000e-01,8.75374878e-05,4.56824835e-04
8.73000000e-01,8.79945686e-05,4.57334719e-04
8.74000000e-01,8.84521572e-05,4.57840531e-04
8.75000000e-01,8.89102496e-05,4.58342319e-04
8.76000000e-01,8.93688418e-05,4.58840127e-04
8.77000000e-01,8.98279299e-05,4.59333998e-04
8.78000000e-01,9.02875098e-05,4.59823972e-04
8.79000000e-01,9.07475778e-05,4.60310096e-04
8.80000000e-01,9.12081300e-05,4.60792412e-04
8.81000000e-01,9.16691627e-05,4.61270958e-04
8.82000000e-01,9.21306719e-05,4.61745782e-04
8.83000000e-01,9.25926542e-05,4.62216922e-04
8.84000000e-01,9.30551058e-05,4.62684415e-04
8.85000000e-01,9.35180230e-05,4.63148306e-04
8.86000000e-01,9.39814024e-05,4.63608633e-04
8.87000000e-01,9.44452403e-05,4.64065437e-04
8.88000000e-01,9.49095333e-05,4.64518754e-04
8.89000000e-01,9.53742778e-05,4.64968623e-04
8.90000000e-01,9.58394705e-05,4.65415085e-04
8.91000000e-01,9.63051080e-05,4.65858176e-04
8.92000000e-01,9.67711869e-05,4.66297932e-04
8.93000000e-01,9.72377039e-05,4.66734390e-04
8.94000000e-01,9.77046557e-05,4.67167586e-04
8.95000000e-01,9.81720390e-05,4.67597558e-04
8.96000000e-01,9.86398508e-05,4.68024341e-04
8.97000000e-01,9.91080877e-05,4.68447969e-04
8.98000000e-01,9.95767467e-05,4.68868476e-04
8.99000000e-01,1.00045825e-04,4.69285898e-04
9.00000000e-01,1.00515319e-04,4.69700268e-04
9.01000000e-01,1.00985225e-04,4.70111622e-04
9.02000000e-01,1.01455542e-04,4.70519989e-04
9.03000000e-01,1.01926265e-04,4.70925403e-04
9.04000000e-01,1.02397393e-04,4.71327897e-04
9.05000000e-01,1.02868921e-04,4.71727505e-04
9.06000000e-01,1.03340848e-04,4.72124253e-04
9.07000000e-01,1.03813169e-04,4.72518177e-04
9.08000000e-01,1.04285884e-04,4.72909307e-04
9.09000000e-01,1.04758988e-04,4.73297671e-04
9.10000000e-01,1.05232479e-04,4.73683300e-04
9.11000000e-01,1.05706355e-04,4.74066225e-04
9.12000000e-01,1.06180612e-04,4.74446474e-04
9.13000000e-01,1.06655248e-04,4.74824077e-04
9.14000000e-01,1.07130260e-04,4.75199061e-04
9.15000000e-01,1.07605646e-04,4.75571454e-04
9.16000000e-01,1.08081403e-04,4.75941285e-04
9.17000000e-01,1.08557528e-04,4.76308583e-04
9.18000000e-01,1.09034020e-04,4.76673372e-04
9.19000000e-01,1.09510875e-04,4.77035678e-04
9.20000000e-01,1.09988091e-04,4.77395532e-04
9.21000000e-01,1.10465666e-04,4.77752956e-04
9.22000000e-01,1.10943597e-04,4.78107977e-04
9.23000000e-01,1.11421882e-04,4.78460622e-04
9.24000000e-01,1.11900518e-04,4.78810914e-04
9.25000000e-01,1.12379504e-04,4.79158877e-04
9.26000000e-01,1.12858836e-04,4.79504537e-04
9.27000000e-01,1.13338513e-04,4.79847919e-04
9.28000000e-01,1.13818532e-04,4.80189046e-04
9.29000000e-01,1.14298891e-04,4.80527939e-04
9.30000000e-01,1.14779588e-04,4.80864624e-04
9.31000000e-01,1.15260620e-04,4.81199125e-04
9.32000000e-01,1.15741986e-04,4.81531460e-04
9.33000000e-01,1.16223683e-04,4.81861655e-04
9.34000000e-01,1.16705709e-04,4.82189731e-04
9.35000000e-01,1.17188063e-04,4.82515708e-04
9.36000000e-01,1.17670741e-04,4.82839611e-04
9.37000000e-01,1.18153742e-04,4.83161458e-04
9.38000000e-01,1.18637064e-04,4.83481269e-04
9.39000000e-01,1.19120704e-04,4.83799068e-04
9.40000000e-01,1.19604662e-04,4.84114874e-04
9.41000000e-01,1.20088934e-04,4.84428705e-04
9.42000000e-01,1.20573519e-04,4.84740583e-04
9.43000000e-01,1.21058415e-04,4.85050525e-04
9.44000000e-01,1.21543620e-04,4.85358552e-04
9.45000000e-01,1.22029132e-04,4.85664684e-04
9.46000000e-01,1.22514950e-04,4.85968936e-04
9.47000000e-01,1.23001070e-04,4.86271330e-04
9.48000000e-01,1.23487492e-04,4.86571882e-04
9.49000000e-01,1.23974214e-04,4.86870610e-04
9.50000000e-01,1.24461234e-04,4.87167533e-04
9.51000000e-01,1.24948549e-04,4.87462666e-04
9.52000000e-01,1.25436159e-04,4.87756030e-04
9.53000000e-01,1.25924061e-04,4.88047638e-04
9.54000000e-01,1.26412254e-04,4.88337508e-04
9.55000000e-01,1.26900736e-04,4.88625658e-04
9.56000000e-01,1.27389506e-04,4.88912101e-04
9.57000000e-01,1.27878560e-04,4.89196856e-04
9.58000000e-01,1.28367899e-04,4.89479939e-04
9.59000000e-01,1.28857520e-04,4.89761363e-04
9.60000000e-01,1.29347422e-04,4.90041142e-04
9.61000000e-01,1.29837603e-04,4.90319295e-04
9.62000000e-01,1.30328061e-04,4.90595838e-04
9.63000000e-01,1.30818794e-04,4.90870780e-04
9.64000000e-01,1.31309802e-04,4.91144140e-04
9.65000000e-01,1.31801083e-04,4.91415932e-04
9.66000000e-01,1.32292634e-04,4.91686168e-04
9.67000000e-01,1.32784455e-04,4.91954862e-04
9.68000000e-01,1.33276544e-04,4.92222030e-04
9.69000000e-01,1.33768899e-04,4.92487684e-04
9.70000000e-01,1.34261519e-04,4.92751837e-04
9.71000000e-01,1.34754403e-04,4.93014502e-04
9.72000000e-01,1.35247548e-04,4.93275693e-04
9.73000000e-01,1.35740954e-04,4.93535422e-04
9.74000000e-01,1.36234619e-04,4.93793702e-04
9.75000000e-01,1.36728541e-04,4.94050546e-04
9.76000000e-01,1.37222720e-04,4.94305965e-04
9.77000000e-01,1.37717153e-04,4.94559971e-04
9.78000000e-01,1.38211840e-04,4.94812578e-04
9.79000000e-01,1.38706779e-04,4.95063793e-04
9.80000000e-01,1.39201968e-04,4.95313633e-04
9.81000000e-01,1.39697406e-04,4.95562106e-04
9.82000000e-01,1.40193092e-04,4.95809224e-04
9.83000000e-01,1.40689024e-04,4.96055000e-04
9.84000000e-01,1.41185202e-04,4.96299441e-04
9.85000000e-01,1.41681623e-04,4.96542562e-04
9.86000000e-01,1.42178287e-04,4.96784371e-04
9.87000000e-01,1.42675192e-04,4.97024879e-04
9.88000000e-01,1.43172337e-04,4.97264095e-04
9.89000000e-01,1.43669720e-04,4.97502033e-04
9.90000000e-01,1.44167341e-04,4.97738700e-04
9.91000000e-01,1.44665197e-04,4.97974105e-04
9.92000000e-01,1.45163289e-04,4.98208261e-04
9.93000000e-01,1.45661614e-04,4.98441175e-04
9.94000000e-01,1.46160171e-04,4.98672856e-04
9.95000000e-01,1.46658960e-04,4.98903317e-04
9.96000000e-01,1.47157978e-04,4.99132563e-04
9.97000000e-01,1.47657225e-04,4.99360606e-04
9.98000000e-01,1.48156699e-04,4.99587452e-04
9.99000000e-01,1.48656400e-04,4.99813114e-04
1.00000000e+00,1.49156325e-04,5.00037599e-04
1.00100000e+00,1.49656475e-04,5.00260914e-04
1.00200000e+00,1.50156847e-04,5.00483068e-04
1.00300000e+00,1.50657441e-04,5.00704070e-04
1.00400000e+00,1.51158255e-04,5.00923928e-04
1.00500000e+00,1.51659289e-04,5.01142650e-04
1.00600000e+00,1.52160541e-04,5.01360245e-04
1.00700000e+00,1.52662009e-04,5.01576719e-04
1.00800000e+00,1.53163694e-04,5.01792081e-04
1.00900000e+00,1.53665594e-04,5.02006341e-04
1.01000000e+00,1.54167707e-04,5.02219502e-04
1.01100000e+00,1.54670033e-04,5.02431573e-04
1.01200000e+00,1.55172570e-04,5.02642564e-04
1.01300000e+00,1.55675318e-04,5.02852480e-04
1.01400000e+00,1.56178275e-04,5.03061327e-04
1.01500000e+00,1.56681440e-04,5.03269113e-04
1.01600000e+00,1.57184813e-04,5.03475849e-04
1.01700000e+00,1.57688392e-04,5.03681536e-04
1.01800000e+00,1.58192176e-04,5.03886183e-04
1.01900000e+00,1.58696164e-04,5.04089798e-04
1.02000000e+00,1.59200356e-04,5.04292386e-04
1.02100000e+00,1.59704749e-04,5.04493953e-04
1.02200000e+00,1.60209344e-04,5.04694508e-04
1.02300000e+00,1.60714138e-04,5.04894055e-04
1.02400000e+00,1.61219132e-04,5.05092602e-04
1.02500000e+00,1.61724323e-04,5.05290154e-04
1.02600000e+00,1.62229712e-04,5.05486716e-04
1.02700000e+00,1.62735297e-04,5.05682296e-04
1.02800000e+00,1.63241077e-04,5.05876901e-04
1.02900000e+00,1.63747051e-04,5.06070534e-04
1.03000000e+00,1.64253218e-04,5.06263199e-04
1.03100000e+00,1.64759577e-04,5.06454909e-04
1.03200000e+00,1.65266128e-04,5.06645665e-04
1.03300000e+00,1.65772868e-04,5.06835471e-04
1.03400000e+00,1.66279799e-04,5.07024335e-04
1.03500000e+00,1.66786917e-04,5.07212262e-04
1.03600000e+00,1.67294223e-04,5.07399257e-04
1.03700000e+00,1.67801716e-04,5.07585325e-04
1.03800000e+00,1.68309394e-04,5.07770472e-04
1.03900000e+00,1.68817257e-04,5.07954703e-04
1.04000000e+00,1.69325303e-04,5.08138023e-04
1.04100000e+00,1.69833533e-04,5.08320436e-04
1.04200000e+00,1.70341944e-04,5.08501949e-04
1.04300000e+00,1.70850536e-04,5.08682566e-04
1.04400000e+00,1.71359309e-04,5.08862289e-04
1.04500000e+00,1.71868261e-04,5.09041127e-04
1.04600000e+00,1.72377391e-04,5.09219085e-04
1.04700000e+00,1.72886699e-04,5.09396163e-04
1.04800000e+00,1.73396184e-04,5.09572367e-04
1.04900000e+00,1.73905844e-04,5.09747706e-04
1.05000000e+00,1.74415679e-04,5.09922182e-04
1.05100000e+00,1.74925688e-04,5.10095796e-04
1.05200000e+00,1.75435871e-04,5.10268555e-04
1.05300000e+00,1.75946225e-04,5.10440466e-04
1.05400000e+00,1.76456752e-04,5.10611530e-04
1.05500000e+00,1.76967448e-04,5.10781751e-04
1.05600000e+00,1.77478315e-04,5.10951136e-04
1.05700000e+00,1.77989351e-04,5.11119685e-04
1.05800000e+00,1.78500554e-04,5.11287405e-04
1.05900000e+00,1.79011926e-04,5.11454300e-04
1.06000000e+00,1.79523463e-04,5.11620375e-04
1.06100000e+00,1.80035166e-04,5.11785629e-04
1.06200000e+00,1.80547034e-04,5.11950071e-04
1.06300000e+00,1.81059066e-04,5.12113703e-04
1.06400000e+00,1.81571262e-04,5.12276527e-04
1.06500000e+00,1.82083619e-04,5.12438551e-04
1.06600000e+00,1.82596139e-04,5.12599776e-04
1.06700000e+00,1.83108819e-04,5.12760205e-04
1.06800000e+00,1.83621659e-04,5.12919843e-04
1.06900000e+00,1.84134659e-04,5.13078696e-04
1.07000000e+00,1.84647817e-04,5.13236762e-04
1.07100000e+00,1.85161132e-04,5.13394047e-04
1.07200000e+00,1.85674605e-04,5.13550556e-04
1.07300000e+00,1.86188233e-04,5.13706292e-04
1.07400000e+00,1.86702017e-04,5.13861256e-04
1.07500000e+00,1.87215956e-04,5.14015453e-04
1.07600000e+00,1.87730048e-04,5.14168888e-04
1.07700000e+00,1.88244294e-04,5.14321562e-04
1.07800000e+00,1.88758691e-04,5.14473479e-04
1.07900000e+00,1.89273241e-04,5.14624642e-04
1.08000000e+00,1.89787941e-04,5.14775055e-04
1.08100000e+00,1.90302791e-04,5.14924720e-04
1.08200000e+00,1.90817790e-04,5.15073640e-04
1.08300000e+00,1.91332938e-04,5.15221821e-04
1.08400000e+00,1.91848234e-04,5.15369263e-04
1.08500000e+00,1.92363677e-04,5.15515969e-04
1.08600000e+00,1.92879266e-04,5.15661945e-04
1.08700000e+00,1.93395000e-04,5.15807190e-04
1.08800000e+00,1.93910880e-04,5.15951709e-04
1.08900000e+00,1.94426904e-04,5.16095507e-04
1.09000000e+00,1.94943071e-04,5.16238583e-04
1.09100000e+00,1.95459381e-04,5.16380941e-04
1.09200000e+00,1.95975833e-04,5.16522585e-04
1.09300000e+00,1.96492426e-04,5.16663519e-04
1.09400000e+00,1.97009160e-04,5.16803742e-04
1.09500000e+00,1.97526034e-04,5.16943259e-04
1.09600000e+00,1.98043046e-04,5.17082075e-04
1.09700000e+00,1.98560198e-04,5.17220188e-04
1.09800000e+00,1.99077487e-04,5.17357602e-04
1.09900000e+00,1.99594913e-04,5.17494323e-04
1.10000000e+00,2.00112476e-04,5.17630351e-04
1.10100000e+00,2.00630174e-04,5.17765689e-04
1.10200000e+00,2.01148007e-04,5.17900340e-04
1.10300000e+00,2.01665974e-04,5.18034304e-04
1.10400000e+00,2.02184076e-04,5.18167587e-04
1.10500000e+00,2.02702310e-04,5.18300192e-04
1.10600000e+00,2.03220676e-04,5.18432117e-04
1.10700000e+00,2.03739174e-04,5.18563367e-04
1.10800000e+00,2.04257803e-04,5.18693947e-04
1.10900000e+00,2.04776562e-04,5.18823857e-04
1.11000000e+00,2.05295450e-04,5.18953099e-04
1.11100000e+00,2.05814468e-04,5.19081676e-04
1.11200000e+00,2.06333614e-04,5.19209590e-04
1.11300000e+00,2.06852887e-04,5.19336844e-04
1.11400000e+00,2.07372287e-04,5.19463441e-04
1.11500000e+00,2.07891814e-04,5.19589382e-04
1.11600000e+00,2.08411466e-04,5.19714670e-04
1.11700000e+00,2.08931243e-04,5.19839306e-04
1.11800000e+00,2.09451145e-04,5.19963294e-04
1.11900000e+00,2.09971170e-04,5.20086638e-04
1.12000000e+00,2.10491318e-04,5.20209336e-04
1.12100000e+00,2.11011589e-04,5.20331391e-04
1.12200000e+00,2.11531981e-04,5.20452809e-04
1.12300000e+00,2.12052494e-04,5.20573589e-04
1.12400000e+00,2.12573128e-04,5.20693733e-04
1.12500000e+00,2.13093882e-04,5.20813243e-04
1.12600000e+00,2.13614754e-04,5.20932125e-04
1.12700000e+00,2.14135746e-04,5.21050376e-04
1.12800000e+00,2.14656855e-04,5.21168000e-04
1.12900000e+00,2.15178082e-04,5.21285002e-04
1.13000000e+00,2.15699425e-04,5.21401381e-04
1.13100000e+00,2.16220885e-04,5.21517138e-04
1.13200000e+00,2.16742460e-04,5.21632280e-04
1.13300000e+00,2.17264149e-04,5.21746804e-04
1.13400000e+00,2.17785953e-04,5.21860714e-04
1.13500000e+00,2.18307871e-04,5.21974012e-04
1.13600000e+00,2.18829901e-04,5.22086699e-04
1.13700000e+00,2.19352044e-04,5.22198779e-04
1.13800000e+00,2.19874299e-04,5.22310254e-04
1.13900000e+00,2.20396665e-04,5.22421125e-04
1.14000000e+00,2.20919141e-04,5.22531393e-04
1.14100000e+00,2.21441727e-04,5.22641061e-04
1.14200000e+00,2.21964423e-04,5.22750131e-04
1.14300000e+00,2.22487228e-04,5.22858606e-04
1.14400000e+00,2.23010140e-04,5.22966486e-04
1.14500000e+00,2.23533161e-04,5.23073773e-04
1.14600000e+00,2.24056288e-04,5.23180470e-04
1.14700000e+00,2.24579521e-04,5.23286579e-04
1.14800000e+00,2.25102861e-04,5.23392102e-04
1.14900000e+00,2.25626306e-04,5.23497039e-04
1.15000000e+00,2.26149855e-04,5.23601395e-04
1.15100000e+00,2.26673508e-04,5.23705169e-04
1.15200000e+00,2.27197265e-04,5.23808363e-04
1.15300000e+00,2.27721125e-04,5.23910979e-04
1.15400000e+00,2.28245087e-04,5.24013022e-04
1.15500000e+00,2.28769151e-04,5.24114492e-04
1.15600000e+00,2.29293316e-04,5.24215388e-04
1.15700000e+00,2.29817582e-04,5.24315714e-04
1.15800000e+00,2.30341948e-04,5.24415472e-04
1.15900000e+00,2.30866413e-04,5.24514665e-04
1.16000000e+00,2.31390977e-04,5.24613292e-04
1.16100000e+00,2.31915640e-04,5.24711357e-04
1.16200000e+00,2.32440400e-04,5.24808859e-04
1.16300000e+00,2.32965257e-04,5.24905804e-04
1.16400000e+00,2.33490211e-04,5.25002190e-04
1.16500000e+00,2.34015262e-04,5.25098021e-04
1.16600000e+00,2.34540407e-04,5.25193298e-04
1.16700000e+00,2.35065648e-04,5.25288022e-04
1.16800000e+00,2.35590984e-04,5.25382193e-04
1.16900000e+00,2.36116413e-04,5.25475818e-04
1.17000000e+00,2.36641935e-04,5.25568896e-04
1.17100000e+00,2.37167550e-04,5.25661426e-04
1.17200000e+00,2.37693258e-04,5.25753414e-04
1.17300000e+00,2.38219057e-04,5.25844859e-04
1.17400000e+00,2.38744948e-04,5.25935763e-04
1.17500000e+00,2.39270929e-04,5.26026128e-04
1.17600000e+00,2.39797000e-04,5.26115957e-04
1.17700000e+00,2.40323161e-04,5.26205249e-04
1.17800000e+00,2.40849410e-04,5.26294008e-04
1.17900000e+00,2.41375749e-04,5.26382233e-04
1.18000000e+00,2.41902175e-04,5.26469929e-04
1.18100000e+00,2.42428689e-04,5.26557095e-04
1.18200000e+00,2.42955289e-04,5.26643733e-04
1.18300000e+00,2.43481976e-04,5.26729846e-04
1.18400000e+00,2.44008749e-04,5.26815435e-04
1.18500000e+00,2.44535607e-04,5.26900501e-04
1.18600000e+00,2.45062550e-04,5.26985046e-04
1.18700000e+00,2.45589577e-04,5.27069070e-04
1.18800000e+00,2.46116688e-04,5.27152578e-04
1.18900000e+00,2.46643882e-04,5.27235569e-04
1.19000000e+00,2.47171159e-04,5.27318044e-04
1.19100000e+00,2.47698518e-04,5.27400008e-04
1.19200000e+00,2.48225959e-04,5.27481459e-04
1.19300000e+00,2.48753481e-04,5.27562400e-04
1.19400000e+00,2.49281084e-04,5.27642831e-04
1.19500000e+00,2.49808767e-04,5.27722757e-04
1.19600000e+00,2.50336529e-04,5.27802177e-04
1.19700000e+00,2.50864371e-04,5.27881093e-04
1.19800000e+00,2.51392292e-04,5.27959506e-04
1.19900000e+00,2.51920290e-04,5.28037420e-04
1.20000000e+00,2.52448366e-04,5.28114831e-04
1.20100000e+00,2.52976520e-04,5.28191746e-04
1.20200000e+00,2.53504750e-04,5.28268166e-04
1.20300000e+00,2.54033056e-04,5.28344090e-04
1.20400000e+00,2.54561438e-04,5.28419519e-04
1.20500000e+00,2.55089895e-04,5.28494457e-04
1.20600000e+00,2.55618427e-04,5.28568906e-04
1.20700000e+00,2.56147033e-04,5.28642864e-04
1.20800000e+00,2.56675713e-04,5.28716336e-04
1.20900000e+00,2.57204466e-04,5.28789321e-04
1.21000000e+00,2.57733291e-04,5.28861822e-04
1.21100000e+00,2.58262189e-04,5.28933840e-04
1.21200000e+00,2.58791159e-04,5.29005376e-04
1.21300000e+00,2.59320200e-04,5.29076432e-04
1.21400000e+00,2.59849312e-04,5.29147010e-04
1.21500000e+00,2.60378494e-04,5.29217110e-04
1.21600000e+00,2.60907746e-04,5.29286733e-04
1.21700000e+00,2.61437068e-04,5.29355883e-04
1.21800000e+00,2.61966458e-04,5.29424560e-04
1.21900000e+00,2.62495917e-04,5.29492765e-04
1.22000000e+00,2.63025443e-04,5.29560500e-04
1.22100000e+00,2.63555038e-04,5.29627767e-04
1.22200000e+00,2.64084699e-04,5.29694565e-04
1.22300000e+00,2.64614427e-04,5.29760898e-04
1.22400000e+00,2.65144221e-04,5.29826767e-04
1.22500000e+00,2.65674080e-04,5.29892173e-04
1.22600000e+00,2.66204005e-04,5.29957116e-04
1.22700000e+00,2.66733995e-04,5.30021598e-04
1.22800000e+00,2.67264048e-04,5.30085624e-04
1.22900000e+00,2.67794166e-04,5.30149193e-04
1.23000000e+00,2.68324347e-04,5.30212302e-04
1.23100000e+00,2.68854590e-04,5.30274958e-04
1.23200000e+00,2.69384897e-04,5.30337161e-04
1.23300000e+00,2.69915265e-04,5.30398912e-04
1.23400000e+00,2.70445694e-04,5.30460212e-04
1.23500000e+00,2.70976185e-04,5.30521064e-04
1.23600000e+00,2.71506737e-04,5.30581466e-04
1.23700000e+00,2.72037348e-04,5.30641421e-04
1.23800000e+00,2.72568019e-04,5.30700934e-04
1.23900000e+00,2.73098750e-04,5.30760001e-04
1.24000000e+00,2.73629539e-04,5.30818625e-04
1.24100000e+00,2.74160387e-04,5.30876809e-04
1.24200000e+00,2.74691293e-04,5.30934553e-04
1.24300000e+00,2.75222256e-04,5.30991859e-04
1.24400000e+00,2.75753277e-04,5.31048728e-04
1.24500000e+00,2.76284354e-04,5.31105159e-04
1.24600000e+00,2.76815487e-04,5.31161157e-04
1.24700000e+00,2.77346676e-04,5.31216722e-04
1.24800000e+00,2.77877921e-04,5.31271854e-04
1.24900000e+00,2.78409220e-04,5.31326556e-04
1.25000000e+00,2.78940574e-04,5.31380830e-04
1.25100000e+00,2.79471981e-04,5.31434673e-04
1.25200000e+00,2.80003443e-04,5.31488092e-04
1.25300000e+00,2.80534958e-04,5.31541087e-04
1.25400000e+00,2.81066525e-04,5.31593655e-04
1.25500000e+00,2.81598145e-04,5.31645801e-04
1.25600000e+00,2.82129817e-04,5.31697526e-04
1.25700000e+00,2.82661540e-04,5.31748831e-04
1.25800000e+00,2.83193314e-04,5.31799716e-04
1.25900000e+00,2.83725139e-04,5.31850183e-04
1.26000000e+00,2.84257015e-04,5.31900236e-04
1.26100000e+00,2.84788940e-04,5.31949873e-04
1.26200000e+00,2.85320915e-04,5.31999096e-04
1.26300000e+00,2.85852938e-04,5.32047906e-04
1.26400000e+00,2.86385010e-04,5.32096304e-04
1.26500000e+00,2.86917131e-04,5.32144294e-04
1.26600000e+00,2.87449299e-04,5.32191876e-04
1.26700000e+00,2.87981515e-04,5.32239049e-04
1.26800000e+00,2.88513777e-04,5.32285814e-04
1.26900000e+00,2.89046086e-04,5.32332176e-04
1.27000000e+00,2.89578441e-04,5.32378134e-04
1.27100000e+00,2.90110842e-04,5.32423690e-04
1.27200000e+00,2.90643289e-04,5.32468844e-04
1.27300000e+00,2.91175780e-04,5.32513599e-04
1.27400000e+00,2.91708316e-04,5.32557956e-04
1.27500000e+00,2.92240896e-04,5.32601912e-04
1.27600000e+00,2.92773520e-04,5.32645473e-04
1.27700000e+00,2.93306187e-04,5.32688640e-04
1.27800000e+00,2.93838897e-04,5.32731414e-04
1.27900000e+00,2.94371650e-04,5.32773792e-04
1.28000000e+00,2.94904445e-04,5.32815781e-04
1.28100000e+00,2.95437281e-04,5.32857380e-04
1.28200000e+00,2.95970159e-04,5.32898589e-04
1.28300000e+00,2.96503079e-04,5.32939411e-04
1.28400000e+00,2.97036038e-04,5.32979845e-04
1.28500000e+00,2.97569038e-04,5.33019895e-04
1.28600000e+00,2.98102078e-04,5.33059560e-04
1.28700000e+00,2.98635157e-04,5.33098842e-04
1.28800000e+00,2.99168276e-04,5.33137742e-04
1.28900000e+00,2.99701433e-04,5.33176263e-04
1.29000000e+00,3.00234628e-04,5.33214402e-04
1.29100000e+00,3.00767862e-04,5.33252165e-04
1.29200000e+00,3.01301133e-04,5.33289549e-04
1.29300000e+00,3.01834441e-04,5.33326557e-04
1.29400000e+00,3.02367786e-04,5.33363192e-04
1.29500000e+00,3.02901167e-04,5.33399452e-04
1.29600000e+00,3.03434585e-04,5.33435340e-04
1.29700000e+00,3.03968038e-04,5.33470857e-04
1.29800000e+00,3.04501526e-04,5.33506003e-04
1.29900000e+00,3.05035050e-04,5.33540781e-04
1.30000000e+00,3.05568608e-04,5.33575191e-04
1.30100000e+00,3.06102200e-04,5.33609235e-04
1.30200000e+00,3.06635826e-04,5.33642913e-04
1.30300000e+00,3.07169486e-04,5.33676225e-04
1.30400000e+00,3.07703179e-04,5.33709176e-04
1.30500000e+00,3.08236904e-04,5.33741765e-04
1.30600000e+00,3.08770662e-04,5.33773992e-04
1.30700000e+00,3.09304452e-04,5.33805860e-04
1.30800000e+00,3.09838274e-04,5.33837369e-04
1.30900000e+00,3.10372127e-04,5.33868519e-04
1.31000000e+00,3.10906011e-04,5.33899314e-04
1.31100000e+00,3.11439926e-04,5.33929754e-04
1.31200000e+00,3.11973871e-04,5.33959840e-04
1.31300000e+00,3.12507845e-04,5.33989573e-04
1.31400000e+00,3.13041850e-04,5.34018953e-04
1.31500000e+00,3.13575883e-04,5.34047982e-04
1.31600000e+00,3.14109946e-04,5.34076663e-04
1.31700000e+00,3.14644037e-04,5.34104993e-04
1.31800000e+00,3.15178156e-04,5.34132977e-04
1.31900000e+00,3.15712303e-04,5.34160616e-04
1.32000000e+00,3.16246477e-04,5.34187908e-04
1.32100000e+00,3.16780678e-04,5.34214855e-04
1.32200000e+00,3.17314907e-04,5.34241460e-04
1.32300000e+00,3.17849161e-04,5.34267724e-04
1.32400000e+00,3.18383442e-04,5.34293645e-04
1.32500000e+00,3.18917749e-04,5.34319227e-04
1.32600000e+00,3.19452081e-04,5.34344470e-04
1.32700000e+00,3.19986438e-04,5.34369376e-04
1.32800000e+00,3.20520819e-04,5.34393946e-04
1.32900000e+00,3.21055225e-04,5.34418179e-04
1.33000000e+00,3.21589656e-04,5.34442077e-04
1.33100000e+00,3.22124110e-04,5.34465643e-04
1.33200000e+00,3.22658587e-04,5.34488876e-04
1.33300000e+00,3.23193087e-04,5.34511778e-04
1.33400000e+00,3.23727610e-04,5.34534350e-04
1.33500000e+00,3.24262156e-04,5.34556592e-04
1.33600000e+00,3.24796724e-04,5.34578506e-04
1.33700000e+00,3.25331313e-04,5.34600095e-04
1.33800000e+00,3.25865924e-04,5.34621356e-04
1.33900000e+00,3.26400556e-04,5.34642292e-04
1.34000000e+00,3.26935208e-04,5.34662904e-04
1.34100000e+00,3.27469882e-04,5.34683192e-04
1.34200000e+00,3.28004575e-04,5.34703161e-04
1.34300000e+00,3.28539288e-04,5.34722808e-04
1.34400000e+00,3.29074020e-04,5.34742134e-04
1.34500000e+00,3.29608772e-04,5.34761142e-04
1.34600000e+00,3.30143543e-04,5.34779832e-04
1.34700000e+00,3.30678332e-04,5.34798207e-04
1.34800000e+00,3.31213139e-04,5.34816265e-04
1.34900000e+00,3.31747964e-04,5.34834008e-04
1.35000000e+00,3.32282807e-04,5.34851437e-04
1.35100000e+00,3.32817667e-04,5.34868555e-04
1.35200000e+00,3.33352544e-04,5.34885360e-04
1.35300000e+00,3.33887438e-04,5.34901855e-04
1.35400000e+00,3.34422348e-04,5.34918040e-04
1.35500000e+00,3.34957274e-04,5.34933915e-04
1.35600000e+00,3.35492216e-04,5.34949484e-04
1.35700000e+00,3.36027173e-04,5.34964746e-04
1.35800000e+00,3.36562145e-04,5.34979703e-04
1.35900000e+00,3.37097132e-04,5.34994355e-04
1.36000000e+00,3.37632134e-04,5.35008702e-04
1.36100000e+00,3.38167150e-04,5.35022748e-04
1.36200000e+00,3.38702179e-04,5.35036492e-04
1.36300000e+00,3.39237223e-04,5.35049933e-04
1.36400000e+00,3.39772279e-04,5.35063077e-04
1.36500000e+00,3.40307349e-04,5.35075920e-04
1.36600000e+00,3.40842431e-04,5.35088467e-04
1.36700000e+00,3.41377526e-04,5.35100717e-04
1.36800000e+00,3.41912633e-04,5.35112670e-04
1.36900000e+00,3.42447751e-04,5.35124330e-04
1.37000000e+00,3.42982881e-04,5.35135693e-04
1.37100000e+00,3.43518023e-04,5.35146766e-04
1.37200000e+00,3.44053175e-04,5.35157546e-04
1.37300000e+00,3.44588338e-04,5.35168034e-04
1.37400000e+00,3.45123511e-04,5.35178231e-04
1.37500000e+00,3.45658694e-04,5.35188141e-04
1.37600000e+00,3.46193887e-04,5.35197764e-04
1.37700000e+00,3.46729090e-04,5.35207096e-04
1.37800000e+00,3.47264301e-04,5.35216141e-04
1.37900000e+00,3.47799522e-04,5.35224904e-04
1.38000000e+00,3.48334751e-04,5.35233383e-04
1.38100000e+00,3.48869989e-04,5.35241575e-04
1.38200000e+00,3.49405234e-04,5.35249486e-04
1.38300000e+00,3.49940488e-04,5.35257116e-04
1.38400000e+00,3.50475749e-04,5.35264465e-04
1.38500000e+00,3.51011017e-04,5.35271532e-04
1.38600000e+00,3.51546292e-04,5.35278321e-04
1.38700000e+00,3.52081573e-04,5.35284833e-04
1.38800000e+00,3.52616861e-04,5.35291067e-04
1.38900000e+00,3.53152155e-04,5.35297026e-04
1.39000000e+00,3.53687455e-04,5.35302709e-04
1.39100000e+00,3.54222761e-04,5.35308116e-04
1.39200000e+00,3.54758072e-04,5.35313251e-04
1.39300000e+00,3.55293387e-04,5.35318114e-04
1.39400000e+00,3.55828708e-04,5.35322705e-04
1.39500000e+00,3.56364033e-04,5.35327024e-04
1.39600000e+00,3.56899362e-04,5.35331071e-04
1.39700000e+00,3.57434695e-04,5.35334853e-04
1.39800000e+00,3.57970032e-04,5.35338366e-04
1.39900000e+00,3.58505372e-04,5.35341611e-04
1.40000000e+00,3.59040715e-04,5.35344590e-04
1.40100000e+00,3.59576061e-04,5.35347302e-04
1.40200000e+00,3.60111409e-04,5.35349751e-04
1.40300000e+00,3.60646760e-04,5.35351936e-04
1.40400000e+00,3.61182113e-04,5.35353858e-04
1.40500000e+00,3.61717468e-04,5.35355517e-04
1.40600000e+00,3.62252824e-04,5.35356915e-04
1.40700000e+00,3.62788182e-04,5.35358054e-04
1.40800000e+00,3.63323540e-04,5.35358933e-04
1.40900000e+00,3.63858900e-04,5.35359553e-04
1.41000000e+00,3.64394259e-04,5.35359916e-04
1.41100000e+00,3.64929620e-04,5.35360021e-04
1.41200000e+00,3.65464980e-04,5.35359869e-04
1.41300000e+00,3.66000339e-04,5.35359465e-04
1.41400000e+00,3.66535698e-04,5.35358805e-04
1.41500000e+00,3.67071057e-04,5.35357891e-04
1.41600000e+00,3.67606414e-04,5.35356726e-04
1.41700000e+00,3.68141770e-04,5.35355307e-04
1.41800000e+00,3.68677125e-04,5.35353638e-04
1.41900000e+00,3.69212478e-04,5.35351719e-04
1.42000000e+00,3.69747828e-04,5.35349550e-04
1.42100000e+00,3.70283177e-04,5.35347133e-04
1.42200000e+00,3.70818523e-04,5.35344468e-04
1.42300000e+00,3.71353866e-04,5.35341558e-04
1.42400000e+00,3.71889206e-04,5.35338400e-04
1.42500000e+00,3.72424542e-04,5.35334997e-04
1.42600000e+00,3.72959876e-04,5.35331349e-04
1.42700000e+00,3.73495205e-04,5.35327459e-04
1.42800000e+00,3.74030531e-04,5.35323327e-04
1.42900000e+00,3.74565852e-04,5.35318949e-04
1.43000000e+00,3.75101168e-04,5.35314333e-04
1.43100000e+00,3.75636480e-04,5.35309477e-04
1.43200000e+00,3.76171787e-04,5.35304380e-04
1.43300000e+00,3.76707089e-04,5.35299045e-04
1.43400000e+00,3.77242386e-04,5.35293471e-04
1.43500000e+00,3.77777676e-04,5.35287661e-04
1.43600000e+00,3.78312961e-04,5.35281614e-04
1.43700000e+00,3.78848239e-04,5.35275331e-04
1.43800000e+00,3.79383512e-04,5.35268815e-04
1.43900000e+00,3.79918777e-04,5.35262064e-04
1.44000000e+00,3.80454036e-04,5.35255079e-04
1.44100000e+00,3.80989287e-04,5.35247861e-04
1.44200000e+00,3.81524531e-04,5.35240413e-04
1.44300000e+00,3.82059768e-04,5.35232734e-04
1.44400000e+00,3.82594997e-04,5.35224825e-04
1.44500000e+00,3.83130218e-04,5.35216686e-04
1.44600000e+00,3.83665430e-04,5.35208317e-04
1.44700000e+00,3.84200634e-04,5.35199722e-04
1.44800000e+00,3.84735830e-04,5.35190900e-04
1.44900000e+00,3.85271016e-04,5.35181852e-04
1.45000000e+00,3.85806193e-04,5.35172577e-04
1.45100000e+00,3.86341361e-04,5.35163076e-04
1.45200000e+00,3.86876520e-04,5.35153354e-04
1.45300000e+00,3.87411668e-04,5.35143408e-04
1.45400000e+00,3.87946806e-04,5.35133239e-04
1.45500000e+00,3.88481934e-04,5.35122848e-04
1.45600000e+00,3.89017052e-04,5.35112235e-04
1.45700000e+00,3.89552159e-04,5.35101404e-04
1.45800000e+00,3.90087255e-04,5.35090351e-04
1.45900000e+00,3.90622340e-04,5.35079081e-04
1.46000000e+00,3.91157413e-04,5.35067593e-04
1.46100000e+00,3.91692475e-04,5.35055885e-04
1.46200000e+00,3.92227525e-04,5.35043963e-04
1.46300000e+00,3.92762563e-04,5.35031825e-04
1.46400000e+00,3.93297588e-04,5.35019471e-04
1.46500000e+00,3.93832602e-04,5.35006901e-04
1.46600000e+00,3.94367602e-04,5.34994119e-04
1.46700000e+00,3.94902590e-04,5.34981125e-04
1.46800000e+00,3.95437564e-04,5.34967917e-04
1.46900000e+00,3.95972526e-04,5.34954498e-04
1.47000000e+00,3.96507473e-04,5.34940867e-04
1.47100000e+00,3.97042407e-04,5.34927026e-04
1.47200000e+00,3.97577328e-04,5.34912977e-04
1.47300000e+00,3.98112233e-04,5.34898719e-04
1.47400000e+00,3.98647125e-04,5.34884253e-04
1.47500000e+00,3.99182002e-04,5.34869579e-04
1.47600000e+00,3.99716864e-04,5.34854697e-04
1.47700000e+00,4.00251711e-04,5.34839611e-04
1.47800000e+00,4.00786543e-04,5.34824319e-04
1.47900000e+00,4.01321360e-04,5.34808822e-04
1.48000000e+00,4.01856161e-04,5.34793123e-04
1.48100000e+00,4.02390946e-04,5.34777219e-04
1.48200000e+00,4.02925715e-04,5.34761112e-04
1.48300000e+00,4.03460468e-04,5.34744804e-04
1.48400000e+00,4.03995205e-04,5.34728295e-04
1.48500000e+00,4.04529925e-04,5.34711586e-04
1.48600000e+00,4.05064628e-04,5.34694676e-04
1.48700000e+00,4.05599314e-04,5.34677566e-04
1.48800000e+00,4.06133983e-04,5.34660260e-04
1.48900000e+00,4.06668635e-04,5.34642755e-04
1.49000000e+00,4.07203269e-04,5.34625051e-04
1.49100000e+00,4.07737885e-04,5.34607154e-04
1.49200000e+00,4.08272483e-04,5.34589060e-04
1.49300000e+00,4.08807063e-04,5.34570770e-04
1.49400000e+00,4.09341625e-04,5.34552285e-04
1.49500000e+00,4.09876168e-04,5.34533606e-04
1.49600000e+00,4.10410692e-04,5.34514736e-04
1.49700000e+00,4.10945197e-04,5.34495673e-04
1.49800000e+00,4.11479683e-04,5.34476417e-04
1.49900000e+00,4.12014150e-04,5.34456971e-04
1.50000000e+00,4.12548597e-04,5.34437333e-04
1.50100000e+00,4.13083025e-04,5.34417505e-04
1.50200000e+00,4.13617432e-04,5.34397488e-04
1.50300000e+00,4.14151820e-04,5.34377284e-04
1.50400000e+00,4.14686187e-04,5.34356889e-04
1.50500000e+00,4.15220533e-04,5.34336308e-04
1.50600000e+00,4.15754859e-04,5.34315541e-04
1.50700000e+00,4.16289164e-04,5.34294588e-04
1.50800000e+00,4.16823449e-04,5.34273449e-04
1.50900000e+00,4.17357711e-04,5.34252123e-04
1.51000000e+00,4.17891953e-04,5.34230616e-04
1.51100000e+00,4.18426173e-04,5.34208924e-04
1.51200000e+00,4.18960371e-04,5.34187048e-04
1.51300000e+00,4.19494547e-04,5.34164991e-04
1.51400000e+00,4.20028701e-04,5.34142752e-04
1.51500000e+00,4.20562832e-04,5.34120332e-04
1.51600000e+00,4.21096941e-04,5.34097730e-04
1.51700000e+00,4.21631028e-04,5.34074950e-04
1.51800000e+00,4.22165091e-04,5.34051990e-04
1.51900000e+00,4.22699132e-04,5.34028850e-04
1.52000000e+00,4.23233149e-04,5.34005534e-04
1.52100000e+00,4.23767143e-04,5.33982039e-04
1.52200000e+00,4.24301113e-04,5.33958367e-04
1.52300000e+00,4.24835059e-04,5.33934519e-04
1.52400000e+00,4.25368982e-04,5.33910495e-04
1.52500000e+00,4.25902880e-04,5.33886297e-04
1.52600000e+00,4.26436755e-04,5.33861923e-04
1.52700000e+00,4.26970604e-04,5.33837377e-04
1.52800000e+00,4.27504429e-04,5.33812656e-04
1.52900000e+00,4.28038230e-04,5.33787763e-04
1.53000000e+00,4.28572005e-04,5.33762696e-04
1.53100000e+00,4.29105755e-04,5.33737458e-04
1.53200000e+00,4.29639480e-04,5.33712051e-04
1.53300000e+00,4.30173179e-04,5.33686473e-04
1.53400000e+00,4.30706853e-04,5.33660724e-04
1.53500000e+00,4.31240501e-04,5.33634806e-04
1.53600000e+00,4.31774122e-04,5.33608719e-04
1.53700000e+00,4.32307718e-04,5.33582464e-04
1.53800000e+00,4.32841287e-04,5.33556042e-04
1.53900000e+00,4.33374830e-04,5.33529453e-04
1.54000000e+00,4.33908346e-04,5.33502697e-04
1.54100000e+00,4.34441835e-04,5.33475776e-04
1.54200000e+00,4.34975298e-04,5.33448689e-04
1.54300000e+00,4.35508733e-04,5.33421435e-04
1.54400000e+00,4.36042141e-04,5.33394019e-04
1.54500000e+00,4.36575521e-04,5.33366442e-04
1.54600000e+00,4.37108873e-04,5.33338698e-04
1.54700000e+00,4.37642198e-04,5.33310792e-04
1.54800000e+00,4.38175495e-04,5.33282724e-04
1.54900000e+00,4.38708764e-04,5.33254496e-04
1.55000000e+00,4.39242004e-04,5.33226107e-04
1.55100000e+00,4.39775216e-04,5.33197555e-04
1.55200000e+00,4.40308399e-04,5.33168845e-04
1.55300000e+00,4.40841554e-04,5.33139976e-04
1.55400000e+00,4.41374679e-04,5.33110948e-04
1.55500000e+00,4.41907776e-04,5.33081762e-04
1.55600000e+00,4.42440843e-04,5.33052417e-04
1.55700000e+00,4.42973880e-04,5.33022917e-04
1.55800000e+00,4.43506888e-04,5.32993260e-04
1.55900000e+00,4.44039867e-04,5.32963445e-04
1.56000000e+00,4.44572815e-04,5.32933476e-04
1.56100000e+00,4.45105734e-04,5.32903350e-04
1.56200000e+00,4.45638622e-04,5.32873072e-04
1.56300000e+00,4.46171480e-04,5.32842640e-04
1.56400000e+00,4.46704307e-04,5.32812053e-04
1.56500000e+00,4.47237104e-04,5.32781314e-04
1.56600000e+00,4.47769870e-04,5.32750422e-04
1.56700000e+00,4.48302605e-04,5.32719378e-04
1.56800000e+00,4.48835309e-04,5.32688182e-04
1.56900000e+00,4.49367981e-04,5.32656836e-04
1.57000000e+00,4.49900622e-04,5.32625341e-04
1.57100000e+00,4.50433232e-04,5.32593695e-04
1.57200000e+00,4.50965810e-04,5.32561899e-04
1.57300000e+00,4.51498356e-04,5.32529955e-04
1.57400000e+00,4.52030870e-04,5.32497862e-04
1.57500000e+00,4.52563351e-04,5.32465621e-04
1.57600000e+00,4.53095801e-04,5.32433234e-04
1.57700000e+00,4.53628218e-04,5.32400699e-04
1.57800000e+00,4.54160602e-04,5.32368018e-04
1.57900000e+00,4.54692954e-04,5.32335190e-04
1.58000000e+00,4.55225273e-04,5.32302218e-04
1.58100000e+00,4.55757558e-04,5.32269100e-04
1.58200000e+00,4.56289811e-04,5.32235838e-04
1.58300000e+00,4.56822030e-04,5.32202433e-04
1.58400000e+00,4.57354216e-04,5.32168884e-04
1.58500000e+00,4.57886368e-04,5.32135191e-04
1.58600000e+00,4.58418486e-04,5.32101359e-04
1.58700000e+00,4.58950571e-04,5.32067382e-04
1.58800000e+00,4.59482621e-04,5.32033262e-04
1.58900000e+00,4.60014637e-04,5.31999004e-04
1.59000000e+00,4.60546619e-04,5.31964605e-04
1.59100000e+00,4.61078566e-04,5.31930066e-04
1.59200000e+00,4.61610479e-04,5.31895386e-04
1.59300000e+00,4.62142357e-04,5.31860568e-04
1.59400000e+00,4.62674200e-04,5.31825612e-04
1.59500000e+00,4.63206008e-04,5.31790516e-04
1.59600000e+00,4.63737781e-04,5.31755283e-04
1.59700000e+00,4.64269519e-04,5.31719913e-04
1.59800000e+00,4.64801221e-04,5.31684406e-04
1.59900000e+00,4.65332888e-04,5.31648763e-04
1.60000000e+00,4.65864519e-04,5.31612984e-04
1.60100000e+00,4.66396114e-04,5.31577071e-04
1.60200000e+00,4.66927673e-04,5.31541021e-04
1.60300000e+00,4.67459196e-04,5.31504836e-04
1.60400000e+00,4.67990682e-04,5.31468519e-04
1.60500000e+00,4.68522133e-04,5.31432067e-04
1.60600000e+00,4.69053547e-04,5.31395482e-04
1.60700000e+00,4.69584924e-04,5.31358766e-04
1.60800000e+00,4.70116264e-04,5.31321916e-04
1.60900000e+00,4.70647568e-04,5.31284934e-04
1.61000000e+00,4.71178834e-04,5.31247820e-04
1.61100000e+00,4.71710063e-04,5.31210577e-04
1.61200000e+00,4.72241255e-04,5.31173204e-04
1.61300000e+00,4.72772410e-04,5.31135699e-04
1.61400000e+00,4.73303527e-04,5.31098065e-04
1.61500000e+00,4.73834606e-04,5.31060303e-04
1.61600000e+00,4.74365647e-04,5.31022411e-04
1.61700000e+00,4.74896651e-04,5.30984390e-04
1.61800000e+00,4.75427616e-04,5.30946243e-04
1.61900000e+00,4.75958543e-04,5.30907966e-04
1.62000000e+00,4.76489432e-04,5.30869565e-04
1.62100000e+00,4.77020282e-04,5.30831037e-04
1.62200000e+00,4.77551094e-04,5.30792382e-04
1.62300000e+00,4.78081867e-04,5.30753600e-04
1.62400000e+00,4.78612601e-04,5.30714695e-04
1.62500000e+00,4.79143296e-04,5.30675663e-04
1.62600000e+00,4.79673952e-04,5.30636509e-04
1.62700000e+00,4.80204569e-04,5.30597229e-04
1.62800000e+00,4.80735147e-04,5.30557824e-04
1.62900000e+00,4.81265685e-04,5.30518299e-04
1.63000000e+00,4.81796183e-04,5.30478651e-04
1.63100000e+00,4.82326642e-04,5.30438879e-04
1.63200000e+00,4.82857061e-04,5.30398985e-04
1.63300000e+00,4.83387440e-04,5.30358970e-04
1.63400000e+00,4.83917779e-04,5.30318834e-04
1.63500000e+00,4.84448078e-04,5.30278577e-04
1.63600000e+00,4.84978336e-04,5.30238199e-04
1.63700000e+00,4.85508554e-04,5.30197704e-04
1.63800000e+00,4.86038732e-04,5.30157087e-04
1.63900000e+00,4.86568868e-04,5.30116350e-04
1.64000000e+00,4.87098964e-04,5.30075495e-04
1.64100000e+00,4.87629019e-04,5.30034522e-04
1.64200000e+00,4.88159033e-04,5.29993430e-04
1.64300000e+00,4.88689006e-04,5.29952222e-04
1.64400000e+00,4.89218938e-04,5.29910897e-04
1.64500000e+00,4.89748828e-04,5.29869455e-04
1.64600000e+00,4.90278677e-04,5.29827896e-04
1.64700000e+00,4.90808484e-04,5.29786222e-04
1.64800000e+00,4.91338249e-04,5.29744431e-04
1.64900000e+00,4.91867973e-04,5.29702525e-04
1.65000000e+00,4.92397654e-04,5.29660505e-04
1.65100000e+00,4.92927294e-04,5.29618370e-04
1.65200000e+00,4.93456891e-04,5.29576122e-04
1.65300000e+00,4.93986446e-04,5.29533759e-04
1.65400000e+00,4.94515959e-04,5.29491282e-04
1.65500000e+00,4.95045429e-04,5.29448694e-04
1.65600000e+00,4.95574856e-04,5.29405994e-04
1.65700000e+00,4.96104241e-04,5.29363179e-04
1.65800000e+00,4.96633582e-04,5.29320253e-04
1.65900000e+00,4.97162881e-04,5.29277217e-04
1.66000000e+00,4.97692137e-04,5.29234070e-04
1.66100000e+00,4.98221349e-04,5.29190811e-04
1.66200000e+00,4.98750518e-04,5.29147442e-04
1.66300000e+00,4.99279644e-04,5.29103965e-04
1.66400000e+00,4.99808726e-04,5.29060376e-04
1.66500000e+00,5.00337765e-04,5.29016678e-04
1.66600000e+00,5.00866760e-04,5.28972873e-04
1.66700000e+00,5.01395711e-04,5.28928958e-04
1.66800000e+00,5.01924618e-04,5.28884933e-04
1.66900000e+00,5.02453480e-04,5.28840804e-04
1.67000000e+00,5.02982299e-04,5.28796567e-04
1.67100000e+00,5.03511074e-04,5.28752221e-04
1.67200000e+00,5.04039804e-04,5.28707770e-04
1.67300000e+00,5.04568489e-04,5.28663211e-04
1.67400000e+00,5.05097130e-04,5.28618548e-04
1.67500000e+00,5.05625726e-04,5.28573778e-04
1.67600000e+00,5.06154278e-04,5.28528904e-04
1.67700000e+00,5.06682784e-04,5.28483923e-04
1.67800000e+00,5.07211245e-04,5.28438839e-04
1.67900000e+00,5.07739662e-04,5.28393651e-04
1.68000000e+00,5.08268033e-04,5.28348358e-04
1.68100000e+00,5.08796358e-04,5.28302963e-04
1.68200000e+00,5.09324639e-04,5.28257464e-04
1.68300000e+00,5.09852873e-04,5.28211862e-04
1.68400000e+00,5.10381062e-04,5.28166157e-04
1.68500000e+00,5.10909206e-04,5.28120350e-04
1.68600000e+00,5.11437303e-04,5.28074443e-04
1.68700000e+00,5.11965355e-04,5.28028432e-04
1.68800000e+00,5.12493360e-04,5.27982320e-04
1.68900000e+00,5.13021319e-04,5.27936110e-04
1.69000000e+00,5.13549232e-04,5.27889798e-04
1.69100000e+00,5.14077099e-04,5.27843384e-04
1.69200000e+00,5.14604919e-04,5.27796872e-04
1.69300000e+00,5.15132693e-04,5.27750261e-04
1.69400000e+00,5.15660419e-04,5.27703549e-04
1.69500000e+00,5.16188100e-04,5.27656741e-04
1.69600000e+00,5.16715733e-04,5.27609833e-04
1.69700000e+00,5.17243319e-04,5.27562825e-04
1.69800000e+00,5.17770859e-04,5.27515722e-04
1.69900000e+00,5.18298351e-04,5.27468520e-04
1.70000000e+00,5.18825796e-04,5.27421221e-04
1.70100000e+00,5.19353193e-04,5.27373825e-04
1.70200000e+00,5.19880543e-04,5.27326333e-04
1.70300000e+00,5.20407846e-04,5.27278743e-04
1.70400000e+00,5.20935101e-04,5.27231060e-04
1.70500000e+00,5.21462308e-04,5.27183281e-04
1.70600000e+00,5.21989467e-04,5.27135404e-04
1.70700000e+00,5.22516579e-04,5.27087434e-04
1.70800000e+00,5.23043642e-04,5.27039370e-04
1.70900000e+00,5.23570658e-04,5.26991211e-04
1.71000000e+00,5.24097625e-04,5.26942957e-04
1.71100000e+00,5.24624543e-04,5.26894610e-04
1.71200000e+00,5.25151414e-04,5.26846170e-04
1.71300000e+00,5.25678236e-04,5.26797635e-04
1.71400000e+00,5.26205009e-04,5.26749008e-04
1.71500000e+00,5.26731734e-04,5.26700290e-04
1.71600000e+00,5.27258410e-04,5.26651481e-04
1.71700000e+00,5.27785037e-04,5.26602577e-04
1.71800000e+00,5.28311615e-04,5.26553581e-04
1.71900000e+00,5.28838144e-04,5.26504496e-04
1.72000000e+00,5.29364624e-04,5.26455320e-04
1.72100000e+00,5.29891055e-04,5.26406052e-04
1.72200000e+00,5.30417436e-04,5.26356694e-04
1.72300000e+00,5.30943768e-04,5.26307246e-04
1.72400000e+00,5.31470050e-04,5.26257709e-04
1.72500000e+00,5.31996283e-04,5.26208082e-04
1.72600000e+00,5.32522467e-04,5.26158364e-04
1.72700000e+00,5.33048600e-04,5.26108559e-04
1.72800000e+00,5.33574684e-04,5.26058666e-04
1.72900000e+00,5.34100717e-04,5.26008684e-04
1.73000000e+00,5.34626701e-04,5.25958614e-04
1.73100000e+00,5.35152635e-04,5.25908455e-04
1.73200000e+00,5.35678518e-04,5.25858209e-04
1.73300000e+00,5.36204351e-04,5.25807877e-04
1.73400000e+00,5.36730134e-04,5.25757458e-04
1.73500000e+00,5.37255866e-04,5.25706951e-04
1.73600000e+00,5.37781548e-04,5.25656358e-04
1.73700000e+00,5.38307179e-04,5.25605680e-04
1.73800000e+00,5.38832759e-04,5.25554916e-04
1.73900000e+00,5.39358289e-04,5.25504066e-04
1.74000000e+00,5.39883767e-04,5.25453131e-04
1.74100000e+00,5.40409195e-04,5.25402112e-04
1.74200000e+00,5.40934571e-04,5.25351007e-04
1.74300000e+00,5.41459897e-04,5.25299818e-04
1.74400000e+00,5.41985171e-04,5.25248545e-04
1.74500000e+00,5.42510394e-04,5.25197189e-04
1.74600000e+00,5.43035565e-04,5.25145748e-04
1.74700000e+00,5.43560685e-04,5.25094224e-04
1.74800000e+00,5.44085754e-04,5.25042618e-04
1.74900000e+00,5.44610771e-04,5.24990928e-04
1.75000000e+00,5.45135736e-04,5.24939157e-04
1.75100000e+00,5.45660649e-04,5.24887302e-04
1.75200000e+00,5.46185510e-04,5.24835366e-04
1.75300000e+00,5.46710320e-04,5.24783350e-04
1.75400000e+00,5.47235077e-04,5.24731250e-04
1.75500000e+00,5.47759782e-04,5.24679070e-04
1.75600000e+00,5.48284435e-04,5.24626809e-04
1.75700000e+00,5.48809036e-04,5.24574467e-04
1.75800000e+00,5.49333584e-04,5.24522046e-04
1.75900000e+00,5.49858080e-04,5.24469543e-04
1.76000000e+00,5.50382523e-04,5.24416961e-04
1.76100000e+00,5.50906914e-04,5.24364300e-04
1.76200000e+00,5.51431252e-04,5.24311560e-04
1.76300000e+00,5.51955537e-04,5.24258739e-04
1.76400000e+00,5.52479769e-04,5.24205841e-04
1.76500000e+00,5.53003949e-04,5.24152865e-04
1.76600000e+00,5.53528075e-04,5.24099808e-04
1.76700000e+00,5.54052148e-04,5.24046675e-04
1.76800000e+00,5.54576168e-04,5.23993464e-04
1.76900000e+00,5.55100135e-04,5.23940174e-04
1.77000000e+00,5.55624049e-04,5.23886809e-04
1.77100000e+00,5.56147909e-04,5.23833367e-04
1.77200000e+00,5.56671715e-04,5.23779847e-04
1.77300000e+00,5.57195468e-04,5.23726251e-04
1.77400000e+00,5.57719168e-04,5.23672578e-04
1.77500000e+00,5.58242814e-04,5.23618829e-04
1.77600000e+00,5.58766406e-04,5.23565005e-04
1.77700000e+00,5.59289944e-04,5.23511104e-04
1.77800000e+00,5.59813428e-04,5.23457129e-04
1.77900000e+00,5.60336858e-04,5.23403080e-04
1.78000000e+00,5.60860234e-04,5.23348954e-04
1.78100000e+00,5.61383556e-04,5.23294754e-04
1.78200000e+00,5.61906823e-04,5.23240480e-04
1.78300000e+00,5.62430037e-04,5.23186132e-04
1.78400000e+00,5.62953196e-04,5.23131710e-04
1.78500000e+00,5.63476300e-04,5.23077214e-04
1.78600000e+00,5.63999350e-04,5.23022646e-04
1.78700000e+00,5.64522345e-04,5.22968004e-04
1.78800000e+00,5.65045286e-04,5.22913287e-04
1.78900000e+00,5.65568172e-04,5.22858500e-04
1.79000000e+00,5.66091003e-04,5.22803639e-04
1.79100000e+00,5.66613779e-04,5.22748708e-04
1.79200000e+00,5.67136501e-04,5.22693704e-04
1.79300000e+00,5.67659167e-04,5.22638627e-04
1.79400000e+00,5.68181778e-04,5.22583478e-04
1.79500000e+00,5.68704334e-04,5.22528260e-04
1.79600000e+00,5.69226834e-04,5.22472970e-04
1.79700000e+00,5.69749280e-04,5.22417609e-04
1.79800000e+00,5.70271670e-04,5.22362177e-04
1.79900000e+00,5.70794004e-04,5.22306675e-04
1.80000000e+00,5.71316283e-04,5.22251140e-04
